-24.29,-20.08,-7.25
-24.21,-20.18,-7.20
-24.12,-20.26,-7.16
-23.94,-20.42,-7.10
-23.90,-20.46,-7.05
-23.86,-20.52,-7.00
-23.85,-20.58,-6.91
-23.96,-20.59,-6.73
-24.03,-20.60,-6.69
-24.13,-20.58,-6.69
-24.16,-20.63,-6.74
-24.18,-20.63,-6.78
-24.21,-20.62,-6.81
-24.24,-20.61,-6.83
-24.26,-20.61,-6.85
-24.28,-20.61,-6.85
-24.28,-20.64,-6.84
-24.30,-20.65,-6.83
-24.32,-20.67,-6.80
-24.36,-20.69,-6.77
-24.39,-20.68,-6.75
-24.43,-20.67,-6.75
-24.50,-20.63,-6.72
-24.56,-20.63,-6.69
-24.61,-20.64,-6.66
-24.68,-20.66,-6.64
-24.80,-20.53,-6.59
-24.83,-20.62,-6.65
-24.84,-20.61,-6.68
-24.80,-20.60,-6.71
-24.72,-20.60,-6.75
-24.57,-20.63,-6.76
-24.44,-20.64,-6.78
-24.36,-20.64,-6.77
-24.30,-20.65,-6.76
-24.26,-20.67,-6.74
-24.24,-20.67,-6.74
-24.23,-20.66,-6.76
-24.23,-20.63,-6.81
-24.23,-20.56,-6.91
-24.19,-20.48,-7.06
-24.23,-20.32,-7.23
-24.21,-20.24,-7.35
-24.17,-20.12,-7.45
-24.04,-20.05,-7.56
-23.88,-19.94,-7.64
-23.73,-19.90,-7.70
-23.52,-19.83,-7.78
-23.25,-19.81,-7.84
-22.97,-19.92,-7.90
-22.67,-19.89,-7.91
-22.42,-19.75,-7.92
-22.24,-19.70,-7.96
-22.04,-19.68,-8.03
-21.87,-19.74,-8.14
-21.72,-19.76,-8.23
-21.65,-19.67,-8.32
-21.56,-19.64,-8.37
-21.43,-19.63,-8.43
-21.33,-19.60,-8.47
-21.19,-19.54,-8.51
-21.04,-19.49,-8.57
-20.82,-19.47,-8.59
-20.62,-19.41,-8.60
-20.43,-19.44,-8.62
-20.20,-19.49,-8.60
-20.00,-19.50,-8.56
-19.82,-19.51,-8.52
-19.57,-19.42,-8.41
-19.31,-19.45,-8.39
-19.12,-19.44,-8.40
-18.86,-19.40,-8.45
-18.65,-19.34,-8.51
-18.46,-19.32,-8.56
-18.15,-19.44,-8.64
-17.91,-19.34,-8.69
-17.62,-19.23,-8.74
-17.35,-19.13,-8.83
-17.05,-19.17,-8.99
-16.78,-19.21,-9.08
-16.43,-19.12,-9.14
-16.08,-18.95,-9.19
-15.69,-18.93,-9.25
-15.37,-18.94,-9.31
-15.02,-18.84,-9.34
-14.71,-18.57,-9.27
-14.28,-18.61,-9.29
-13.95,-18.58,-9.27
-13.55,-18.50,-9.26
-13.11,-18.39,-9.24
-12.69,-18.37,-9.34
-12.33,-18.27,-9.40
-11.86,-18.10,-9.40
-11.44,-18.06,-9.53
-11.03,-17.98,-9.62
-10.57,-17.86,-9.69
-10.08,-17.77,-9.82
-9.65,-17.62,-9.94
-9.09,-17.61,-10.03
-8.53,-17.44,-10.10
-8.03,-17.40,-10.15
-7.53,-17.33,-10.22
-7.06,-17.18,-10.24
-6.63,-17.13,-10.27
-6.12,-17.08,-10.29
-5.63,-16.93,-10.29
-5.11,-16.85,-10.42
-4.50,-16.63,-10.45
-3.89,-16.56,-10.61
-3.32,-16.45,-10.70
-2.68,-16.22,-10.82
-2.14,-16.14,-10.95
-1.55,-15.92,-10.96
-0.95,-15.88,-11.01
-0.41,-15.77,-10.99
0.17,-15.69,-10.97
0.70,-15.39,-10.89
1.35,-15.36,-10.90
1.87,-15.23,-10.94
2.45,-14.98,-10.94
2.99,-14.96,-11.02
3.54,-14.70,-11.12
4.09,-14.51,-11.22
4.63,-14.39,-11.31
5.27,-14.14,-11.35
5.87,-14.10,-11.40
6.50,-13.86,-11.39
7.12,-13.79,-11.44
7.70,-13.56,-11.38
8.24,-13.43,-11.29
8.77,-13.28,-11.30
9.33,-13.06,-11.22
9.93,-13.02,-11.21
10.44,-12.70,-11.20
10.99,-12.68,-11.23
11.54,-12.41,-11.20
12.05,-12.25,-11.25
12.57,-12.17,-11.29
13.00,-11.93,-11.28
13.45,-11.74,-11.24
13.99,-11.61,-11.25
14.44,-11.44,-11.25
14.87,-11.27,-11.24
15.40,-11.16,-11.22
15.86,-11.05,-11.20
16.42,-10.86,-11.12
16.99,-10.82,-11.10
17.46,-10.65,-11.07
17.99,-10.50,-10.96
18.41,-10.39,-10.94
18.89,-10.13,-10.89
19.33,-9.98,-10.92
19.80,-9.89,-10.93
20.26,-9.69,-10.83
20.71,-9.59,-10.76
21.18,-9.43,-10.57
21.57,-9.29,-10.44
21.96,-9.19,-10.30
22.46,-9.13,-10.15
22.90,-9.02,-10.04
23.34,-8.77,-9.88
23.81,-8.73,-9.89
24.21,-8.59,-9.84
24.60,-8.42,-9.74
25.00,-8.36,-9.66
25.49,-8.22,-9.53
25.86,-8.05,-9.35
26.24,-7.98,-9.22
26.71,-7.93,-9.07
27.07,-7.89,-8.96
27.47,-7.75,-8.80
27.87,-7.72,-8.68
28.22,-7.62,-8.64
28.58,-7.41,-8.58
28.86,-7.24,-8.58
29.11,-7.10,-8.57
29.42,-6.95,-8.52
29.77,-6.78,-8.45
30.08,-6.64,-8.38
30.40,-6.40,-8.23
30.75,-6.21,-8.13
31.03,-6.09,-8.06
31.36,-6.03,-7.99
31.68,-5.80,-7.90
32.01,-5.66,-7.88
32.40,-5.50,-7.93
32.84,-5.36,-7.99
33.24,-5.13,-8.09
33.58,-4.94,-8.18
34.00,-4.79,-8.26
34.41,-4.64,-8.28
34.67,-4.52,-8.27
34.97,-4.33,-8.23
35.36,-4.17,-8.12
35.81,-4.13,-8.14
36.18,-4.03,-8.12
36.56,-3.84,-8.05
36.92,-3.78,-8.02
37.26,-3.74,-8.01
37.57,-3.62,-7.99
37.87,-3.39,-7.91
38.12,-3.29,-7.86
38.35,-3.14,-7.75
38.69,-3.01,-7.68
38.99,-2.92,-7.63
39.23,-2.79,-7.59
39.46,-2.67,-7.54
39.65,-2.53,-7.42
39.83,-2.44,-7.30
39.94,-2.31,-7.18
40.10,-2.23,-7.06
40.21,-2.11,-7.01
40.38,-2.07,-6.99
40.51,-1.88,-6.92
40.59,-1.76,-6.85
40.68,-1.69,-6.77
40.78,-1.66,-6.67
40.86,-1.59,-6.60
40.94,-1.51,-6.54
41.02,-1.31,-6.47
41.08,-1.22,-6.44
41.17,-1.16,-6.33
41.24,-1.11,-6.29
41.37,-1.07,-6.27
41.48,-1.03,-6.27
41.60,-0.98,-6.27
41.75,-0.91,-6.27
41.91,-0.87,-6.27
42.14,-0.83,-6.23
42.36,-0.88,-6.24
42.53,-0.84,-6.22
42.72,-0.84,-6.21
42.85,-0.82,-6.21
42.97,-0.78,-6.24
43.09,-0.75,-6.28
43.27,-0.69,-6.32
43.44,-0.55,-6.40
43.65,-0.49,-6.47
43.81,-0.36,-6.57
43.97,-0.25,-6.67
44.09,-0.15,-6.74
44.22,-0.02,-6.83
44.36,0.09,-6.90
44.53,0.25,-7.07
44.70,0.30,-7.19
44.88,0.37,-7.31
45.19,0.44,-7.44
45.38,0.59,-7.55
45.58,0.78,-7.64
45.80,0.88,-7.69
45.96,0.97,-7.76
46.13,1.09,-7.84
46.30,1.21,-7.92
46.43,1.35,-8.01
46.61,1.36,-8.09
46.74,1.46,-8.14
46.91,1.58,-8.17
47.08,1.73,-8.21
47.22,1.82,-8.23
47.35,1.91,-8.29
47.49,1.99,-8.36
47.67,2.05,-8.41
47.82,2.10,-8.45
48.01,2.06,-8.50
48.19,2.12,-8.53
48.35,2.20,-8.54
48.50,2.31,-8.52
48.63,2.39,-8.51
48.79,2.41,-8.49
48.89,2.43,-8.46
49.02,2.46,-8.47
49.16,2.47,-8.49
49.33,2.39,-8.56
49.48,2.44,-8.64
49.60,2.48,-8.72
49.71,2.54,-8.82
49.75,2.62,-8.95
49.75,2.70,-9.13
49.78,2.69,-9.28
49.75,2.72,-9.36
49.70,2.75,-9.44
49.56,2.80,-9.52
49.45,2.81,-9.57
49.45,2.78,-9.58
49.53,2.73,-9.57
49.61,2.69,-9.57
49.67,2.63,-9.57
49.74,2.58,-9.57
49.87,2.49,-9.57
50.03,2.42,-9.60
50.19,2.25,-9.67
50.31,2.20,-9.71
50.47,2.18,-9.75
50.66,2.14,-9.77
50.79,2.10,-9.80
50.87,2.04,-9.80
50.98,1.89,-9.84
51.05,1.89,-9.88
51.15,1.87,-9.92
51.17,1.86,-9.97
51.17,1.86,-10.03
51.17,1.89,-10.10
51.12,2.00,-10.27
51.04,2.04,-10.37
50.88,2.15,-10.47
50.73,2.22,-10.55
50.55,2.30,-10.65
50.30,2.35,-10.81
50.06,2.40,-10.93
49.74,2.64,-11.02
49.64,2.68,-11.06
49.59,2.69,-11.08
49.58,2.70,-11.11
49.67,2.68,-11.14
49.86,2.63,-11.16
50.07,2.49,-11.19
50.22,2.50,-11.18
50.38,2.52,-11.13
50.64,2.50,-10.99
50.79,2.48,-10.92
50.92,2.47,-10.87
50.97,2.47,-10.84
51.00,2.48,-10.82
51.01,2.50,-10.81
51.00,2.52,-10.84
50.96,2.55,-10.86
50.90,2.57,-10.86
50.85,2.58,-10.83
50.81,2.57,-10.79
50.76,2.57,-10.74
50.73,2.54,-10.68
50.70,2.49,-10.59
50.71,2.48,-10.55
50.75,2.47,-10.52
50.75,2.46,-10.51
50.75,2.45,-10.52
50.72,2.45,-10.53
50.67,2.45,-10.54
50.62,2.45,-10.55
50.56,2.46,-10.56
50.46,2.48,-10.57
50.41,2.47,-10.57
50.37,2.44,-10.56
50.33,2.41,-10.53
50.28,2.35,-10.48
50.22,2.27,-10.43
50.17,2.19,-10.38
50.07,2.05,-10.35
49.99,1.97,-10.32
49.79,2.02,-10.29
49.62,1.96,-10.29
49.41,1.91,-10.28
49.14,1.88,-10.25
48.84,1.76,-10.19
48.43,1.73,-10.14
48.06,1.65,-10.08
47.67,1.58,-10.00
47.21,1.56,-9.88
46.74,1.36,-9.79
46.33,1.17,-9.69
45.83,1.17,-9.58
45.37,0.99,-9.51
44.95,0.79,-9.43
44.44,0.78,-9.28
43.89,0.55,-9.22
43.27,0.54,-9.15
42.70,0.40,-9.06
42.07,0.28,-9.03
41.57,0.17,-8.99
41.03,0.03,-8.96
40.55,-0.14,-8.95
40.11,-0.30,-8.94
39.55,-0.44,-8.95
39.08,-0.60,-8.95
38.64,-0.81,-8.95
38.15,-0.97,-9.03
37.67,-1.08,-9.02
37.16,-1.33,-9.07
36.62,-1.33,-9.03
36.12,-1.48,-8.98
35.55,-1.62,-8.97
35.10,-1.71,-8.93
34.57,-1.94,-8.90
34.02,-2.00,-8.86
33.57,-2.13,-8.84
33.01,-2.25,-8.80
32.48,-2.42,-8.71
32.02,-2.60,-8.63
31.39,-2.72,-8.50
30.89,-2.91,-8.36
30.24,-3.00,-8.17
29.63,-3.22,-8.07
29.01,-3.27,-7.88
28.36,-3.54,-7.75
27.68,-3.58,-7.57
27.04,-3.73,-7.39
26.25,-3.93,-7.17
25.56,-3.97,-6.95
24.86,-4.24,-6.75
24.15,-4.34,-6.51
23.51,-4.54,-6.23
22.75,-4.77,-5.99
22.11,-4.99,-5.80
21.31,-5.28,-5.54
20.64,-5.46,-5.34
19.86,-5.75,-5.14
19.11,-5.87,-4.97
18.35,-6.10,-4.90
17.57,-6.20,-4.76
16.81,-6.47,-4.73
16.02,-6.59,-4.60
15.23,-6.77,-4.55
14.48,-6.93,-4.47
13.68,-7.01,-4.38
12.99,-7.35,-4.30
12.22,-7.49,-4.17
11.58,-7.86,-4.12
10.79,-7.93,-3.92
10.00,-8.33,-3.82
9.21,-8.53,-3.75
8.35,-8.74,-3.70
7.62,-8.92,-3.66
6.74,-9.11,-3.61
5.91,-9.30,-3.53
5.10,-9.53,-3.45
4.17,-9.73,-3.32
3.34,-9.89,-3.13
2.41,-10.25,-2.94
1.57,-10.39,-2.73
0.75,-10.62,-2.65
-0.12,-10.91,-2.59
-0.92,-10.96,-2.54
-1.75,-11.23,-2.54
-2.55,-11.29,-2.53
-3.38,-11.50,-2.55
-4.19,-11.72,-2.57
-5.01,-11.76,-2.49
-5.95,-11.85,-2.51
-6.81,-12.06,-2.51
-7.69,-12.05,-2.46
-8.65,-12.15,-2.41
-9.51,-12.36,-2.43
-10.41,-12.45,-2.40
-11.29,-12.57,-2.44
-12.20,-12.67,-2.46
-13.00,-12.76,-2.48
-13.87,-12.82,-2.51
-14.75,-12.92,-2.54
-15.58,-13.06,-2.54
-16.48,-13.22,-2.51
-17.33,-13.31,-2.40
-18.08,-13.55,-2.33
-18.76,-13.61,-2.24
-19.46,-13.85,-2.21
-20.14,-13.89,-2.14
-20.84,-14.16,-2.13
-21.58,-14.19,-2.13
-22.30,-14.38,-2.10
-23.13,-14.58,-2.06
-23.89,-14.64,-2.00
-24.66,-14.87,-2.01
-25.39,-14.93,-1.95
-26.14,-15.15,-1.95
-26.92,-15.18,-1.92
-27.73,-15.33,-1.89
-28.46,-15.52,-1.87
-29.21,-15.63,-1.75
-29.91,-15.96,-1.65
-30.67,-16.04,-1.51
-31.45,-16.28,-1.41
-32.20,-16.43,-1.20
-32.97,-16.70,-1.08
-33.72,-16.79,-0.99
-34.61,-16.93,-0.94
-35.36,-17.05,-0.93
-36.21,-17.23,-0.92
-37.01,-17.38,-0.94
-37.77,-17.55,-0.82
-38.60,-17.71,-0.76
-39.29,-17.86,-0.63
-40.06,-18.01,-0.57
-40.80,-18.12,-0.45
-41.64,-18.34,-0.39
-42.51,-18.44,-0.29
-43.29,-18.60,-0.25
-44.17,-18.79,-0.22
-45.02,-18.77,-0.19
-45.84,-19.04,-0.21
-46.64,-19.17,-0.25
-47.41,-19.28,-0.19
-48.26,-19.45,-0.18
-49.02,-19.56,-0.04
-49.79,-19.86,0.03
-50.57,-19.98,0.14
-51.29,-20.14,0.21
-52.14,-20.27,0.28
-52.84,-20.30,0.33
-53.60,-20.53,0.33
-54.30,-20.48,0.36
-55.03,-20.68,0.31
-55.70,-20.64,0.36
-56.41,-20.76,0.31
-57.09,-20.75,0.38
-57.81,-20.88,0.38
-58.35,-20.87,0.40
-58.99,-20.97,0.43
-59.58,-20.97,0.48
-60.29,-21.02,0.59
-61.01,-21.11,0.72
-61.71,-21.11,0.84
-62.40,-21.24,0.95
-63.08,-21.28,1.09
-63.79,-21.39,1.18
-64.48,-21.35,1.28
-65.21,-21.45,1.37
-65.83,-21.46,1.44
-66.53,-21.53,1.54
-67.12,-21.57,1.61
-67.76,-21.64,1.73
-68.40,-21.78,1.78
-69.06,-21.74,1.84
-69.74,-21.90,1.86
-70.40,-21.81,1.88
-71.20,-21.95,1.87
-71.86,-21.91,1.89
-72.58,-22.03,1.87
-73.30,-22.11,1.98
-74.05,-22.24,2.00
-74.82,-22.39,2.09
-75.62,-22.48,2.17
-76.50,-22.73,2.29
-77.25,-22.82,2.36
-78.00,-22.95,2.41
-78.63,-23.02,2.45
-79.30,-23.18,2.47
-79.84,-23.21,2.51
-80.43,-23.43,2.54
-80.88,-23.51,2.65
-81.26,-23.65,2.76
-81.71,-23.81,2.82
-82.12,-23.97,2.90
-82.47,-24.00,2.97
-82.74,-24.10,3.01
-83.08,-24.23,3.06
-83.40,-24.42,3.15
-83.76,-24.40,3.25
-84.08,-24.48,3.33
-84.47,-24.51,3.39
-84.93,-24.54,3.43
-85.20,-24.49,3.41
-85.54,-24.45,3.40
-85.82,-24.43,3.36
-86.17,-24.49,3.31
-86.39,-24.45,3.32
-86.56,-24.47,3.35
-86.71,-24.44,3.36
-86.92,-24.36,3.38
-87.13,-24.31,3.40
-87.43,-24.28,3.39
-87.67,-24.29,3.39
-87.86,-24.26,3.39
-88.13,-24.16,3.40
-88.35,-24.11,3.44
-88.63,-24.03,3.49
-88.87,-23.98,3.54
-89.17,-24.00,3.54
-89.45,-23.90,3.56
-89.65,-23.81,3.56
-89.85,-23.74,3.53
-89.91,-23.59,3.43
-89.93,-23.49,3.33
-89.91,-23.41,3.23
-89.93,-23.35,3.15
-89.97,-23.31,3.08
-90.00,-23.28,3.06
-90.04,-23.25,3.07
-90.12,-23.17,3.04
-90.23,-23.15,3.00
-90.34,-23.12,2.97
-90.52,-23.13,2.92
-90.65,-23.09,2.87
-90.79,-23.06,2.83
-91.01,-23.04,2.80
-91.23,-23.07,2.78
-91.32,-23.11,2.79
-91.35,-23.16,2.81
-91.35,-23.19,2.79
-91.33,-23.23,2.79
-91.29,-23.28,2.80
-91.26,-23.36,2.80
-91.25,-23.42,2.81
-91.25,-23.49,2.83
-91.21,-23.57,2.85
-91.14,-23.69,2.97
-91.13,-23.74,3.00
-91.17,-23.78,2.99
-91.22,-23.81,3.01
-91.26,-23.87,3.06
-91.34,-23.94,3.07
-91.42,-24.02,3.09
-91.52,-24.12,3.07
-91.59,-24.16,3.04
-91.65,-24.18,3.00
-91.72,-24.20,2.96
-91.77,-24.24,2.93
-91.86,-24.25,2.92
-91.89,-24.28,2.91
-91.92,-24.31,2.90
-91.90,-24.33,2.90
-91.79,-24.38,2.91
-91.72,-24.40,2.92
-91.67,-24.42,2.92
-91.60,-24.43,2.90
-91.50,-24.46,2.85
-91.37,-24.48,2.78
-91.15,-24.48,2.69
-90.99,-24.43,2.52
-90.84,-24.42,2.39
-90.64,-24.47,2.28
-90.42,-24.38,2.29
-90.25,-24.39,2.32
-90.01,-24.48,2.32
-89.78,-24.55,2.34
-89.52,-24.63,2.34
-89.14,-24.58,2.37
-88.81,-24.55,2.42
-88.51,-24.62,2.42
-88.28,-24.65,2.36
-87.92,-24.61,2.23
-87.42,-24.45,2.10
-87.06,-24.43,1.93
-86.65,-24.31,1.70
-86.17,-24.30,1.56
-85.56,-24.21,1.45
-85.05,-24.12,1.33
-84.48,-24.03,1.17
-83.92,-23.90,1.06
-83.42,-23.94,0.93
-82.91,-23.90,0.83
-82.45,-23.77,0.81
-82.02,-23.80,0.75
-81.63,-23.77,0.71
-81.30,-23.67,0.66
-80.96,-23.51,0.58
-80.69,-23.47,0.58
-80.40,-23.42,0.59
-80.13,-23.25,0.63
-79.89,-23.11,0.66
-79.60,-23.00,0.63
-79.44,-22.85,0.59
-79.37,-22.71,0.51
-79.40,-22.55,0.46
-79.50,-22.34,0.38
-79.58,-22.20,0.33
-79.68,-22.09,0.30
-79.69,-21.93,0.22
-79.67,-21.76,0.10
-79.73,-21.55,-0.04
-79.83,-21.43,-0.10
-79.96,-21.32,-0.12
-80.10,-21.23,-0.15
-80.26,-21.12,-0.19
-80.39,-21.06,-0.23
-80.57,-21.04,-0.28
-80.80,-20.95,-0.27
-80.99,-20.83,-0.32
-81.14,-20.76,-0.37
-81.31,-20.73,-0.40
-81.57,-20.71,-0.38
-81.92,-20.77,-0.40
-82.31,-20.75,-0.35
-82.69,-20.78,-0.28
-83.02,-20.79,-0.23
-83.39,-20.94,-0.17
-83.67,-21.00,-0.12
-84.00,-21.05,-0.09
-84.34,-21.07,-0.05
-84.86,-21.17,-0.05
-85.17,-21.26,-0.04
-85.45,-21.30,-0.09
-85.72,-21.35,-0.18
-86.06,-21.43,-0.25
-86.29,-21.47,-0.31
-86.47,-21.54,-0.35
-86.70,-21.61,-0.33
-86.89,-21.78,-0.33
-87.05,-21.91,-0.30
-87.20,-22.00,-0.27
-87.31,-22.08,-0.25
-87.49,-22.11,-0.21
-87.65,-22.14,-0.21
-87.84,-22.15,-0.22
-88.16,-22.25,-0.27
-88.36,-22.30,-0.33
-88.48,-22.31,-0.42
-88.59,-22.30,-0.50
-88.71,-22.30,-0.59
-88.77,-22.24,-0.71
-88.81,-22.26,-0.82
-88.90,-22.38,-0.93
-88.95,-22.46,-0.96
-88.95,-22.53,-0.99
-88.96,-22.60,-1.02
-88.96,-22.69,-1.03
-88.93,-22.76,-1.02
-88.92,-22.83,-1.01
-88.92,-22.89,-0.99
-88.91,-22.95,-0.97
-88.85,-23.02,-0.99
-88.82,-23.05,-1.03
-88.79,-23.05,-1.10
-88.74,-23.07,-1.17
-88.68,-23.10,-1.19
-88.60,-23.15,-1.18
-88.49,-23.19,-1.15
-88.39,-23.21,-1.14
-88.19,-23.21,-1.12
-88.07,-23.26,-1.13
-88.00,-23.26,-1.10
-87.95,-23.26,-1.07
-87.87,-23.32,-1.03
-87.77,-23.30,-1.05
-87.62,-23.19,-1.14
-87.47,-23.13,-1.23
-87.33,-23.12,-1.35
-87.11,-23.10,-1.48
-86.87,-23.09,-1.59
-86.70,-22.94,-1.67
-86.51,-22.84,-1.70
-86.28,-22.76,-1.77
-86.10,-22.72,-1.84
-85.87,-22.71,-1.94
-85.53,-22.67,-2.04
-85.26,-22.59,-2.11
-84.99,-22.35,-2.18
-84.82,-22.27,-2.24
-84.68,-22.22,-2.32
-84.54,-22.16,-2.37
-84.38,-22.08,-2.40
-84.26,-22.00,-2.44
-84.21,-21.91,-2.42
-84.15,-21.85,-2.40
-84.06,-21.82,-2.36
-83.97,-21.76,-2.33
-83.88,-21.66,-2.32
-83.80,-21.57,-2.29
-83.77,-21.52,-2.25
-83.80,-21.47,-2.19
-83.81,-21.42,-2.16
-83.82,-21.39,-2.12
-83.83,-21.34,-2.10
-83.82,-21.30,-2.11
-83.77,-21.28,-2.15
-83.77,-21.25,-2.17
-83.80,-21.22,-2.19
-83.84,-21.22,-2.18
-83.87,-21.21,-2.14
-83.93,-21.20,-2.10
-83.94,-21.23,-2.06
-83.96,-21.22,-2.00
-83.94,-21.25,-1.96
-83.91,-21.29,-1.92
-83.91,-21.34,-1.89
-83.92,-21.37,-1.84
-83.90,-21.47,-1.75
-83.91,-21.52,-1.70
-83.95,-21.56,-1.65
-83.97,-21.61,-1.60
-84.01,-21.66,-1.52
-84.03,-21.71,-1.48
-84.06,-21.76,-1.43
-84.10,-21.80,-1.36
-84.11,-21.93,-1.26
-84.16,-21.96,-1.17
-84.27,-22.02,-1.11
-84.35,-22.07,-1.07
-84.37,-22.10,-1.11
-84.43,-22.15,-1.15
-84.50,-22.19,-1.18
-84.56,-22.25,-1.20
-84.60,-22.30,-1.20
-84.69,-22.39,-1.19
-84.72,-22.44,-1.18
-84.74,-22.48,-1.18
-84.73,-22.54,-1.16
-84.70,-22.58,-1.16
-84.66,-22.62,-1.19
-84.63,-22.65,-1.22
-84.61,-22.69,-1.22
-84.61,-22.67,-1.23
-84.65,-22.66,-1.25
-84.71,-22.63,-1.25
-84.77,-22.62,-1.24
-84.82,-22.59,-1.21
-84.88,-22.58,-1.16
-84.93,-22.61,-1.13
-84.96,-22.62,-1.11
-84.96,-22.63,-1.08
-84.93,-22.62,-1.08
-84.86,-22.59,-1.10
-84.79,-22.57,-1.17
-84.71,-22.52,-1.25
-84.63,-22.48,-1.36
-84.64,-22.43,-1.45
-84.65,-22.30,-1.55
-84.63,-22.24,-1.60
-84.60,-22.18,-1.64
-84.53,-22.11,-1.68
-84.42,-22.03,-1.71
-84.23,-21.93,-1.76
-84.13,-21.84,-1.79
-84.02,-21.76,-1.83
-83.91,-21.61,-1.90
-83.79,-21.54,-1.97
-83.72,-21.45,-2.04
-83.67,-21.39,-2.12
-83.55,-21.30,-2.20
-83.39,-21.24,-2.29
-83.26,-21.16,-2.35
-83.18,-21.01,-2.45
-83.09,-20.93,-2.50
-83.03,-20.85,-2.53
-83.00,-20.79,-2.56
-82.93,-20.69,-2.63
-82.89,-20.60,-2.68
-82.78,-20.55,-2.76
-82.76,-20.43,-2.90
-82.69,-20.37,-2.97
-82.60,-20.33,-3.03
-82.47,-20.26,-3.06
-82.34,-20.19,-3.05
-82.16,-20.16,-3.10
-81.98,-20.16,-3.17
-81.85,-20.18,-3.24
-81.76,-20.19,-3.33
-81.73,-20.10,-3.43
-81.72,-20.07,-3.48
-81.77,-20.05,-3.50
-81.85,-20.01,-3.55
-81.95,-19.96,-3.63
-82.01,-19.91,-3.76
-82.13,-19.88,-3.89
-82.26,-19.76,-4.03
-82.31,-19.74,-4.15
-82.35,-19.72,-4.27
-82.33,-19.73,-4.38
-82.30,-19.79,-4.52
-82.23,-19.78,-4.73
-82.19,-19.82,-4.94
-82.10,-19.87,-5.11
-82.04,-19.96,-5.27
-82.03,-19.96,-5.42
-81.99,-20.06,-5.53
-81.94,-20.11,-5.62
-81.89,-20.17,-5.73
-81.78,-20.20,-5.87
-81.76,-20.21,-5.97
-81.76,-20.20,-6.06
-81.79,-20.12,-6.20
-81.82,-20.09,-6.32
-81.84,-20.03,-6.43
-81.81,-19.97,-6.56
-81.83,-19.84,-6.69
-81.82,-19.81,-6.80
-81.82,-19.71,-6.91
-81.77,-19.62,-7.04
-81.75,-19.49,-7.11
-81.73,-19.31,-7.22
-81.64,-19.17,-7.31
-81.52,-19.06,-7.42
-81.35,-18.95,-7.60
-81.23,-18.72,-7.76
-81.07,-18.54,-7.90
-80.94,-18.43,-8.06
-80.86,-18.17,-8.19
-80.76,-17.99,-8.32
-80.59,-17.78,-8.42
-80.46,-17.45,-8.53
-80.26,-17.22,-8.62
-80.10,-17.02,-8.77
-80.02,-16.72,-8.90
-79.89,-16.46,-9.00
-79.73,-16.22,-9.14
-79.54,-15.93,-9.34
-79.34,-15.74,-9.53
-79.17,-15.42,-9.72
-79.05,-15.17,-9.91
-78.87,-14.82,-10.07
-78.66,-14.48,-10.23
-78.47,-14.26,-10.41
-78.35,-13.96,-10.56
-78.16,-13.75,-10.64
-77.87,-13.65,-10.74
-77.62,-13.50,-10.83
-77.43,-13.19,-10.80
-77.31,-12.89,-10.81
-77.24,-12.69,-10.80
-77.17,-12.48,-10.74
-77.13,-12.30,-10.68
-77.09,-12.12,-10.62
-77.03,-11.92,-10.58
-76.93,-11.67,-10.52
-76.88,-11.50,-10.52
-76.87,-11.34,-10.51
-76.84,-11.19,-10.51
-76.91,-11.04,-10.48
-76.86,-10.97,-10.46
-76.70,-10.91,-10.47
-76.56,-10.84,-10.44
-76.41,-10.77,-10.43
-76.20,-10.67,-10.37
-75.99,-10.68,-10.29
-75.81,-10.69,-10.21
-75.68,-10.64,-10.09
-75.56,-10.64,-10.02
-75.39,-10.57,-9.98
-75.29,-10.48,-9.93
-75.27,-10.39,-9.83
-75.31,-10.42,-9.74
-75.44,-10.32,-9.65
-75.54,-10.20,-9.53
-75.69,-10.10,-9.42
-75.78,-10.01,-9.31
-75.85,-9.92,-9.24
-75.92,-9.77,-9.14
-75.92,-9.67,-9.09
-75.94,-9.57,-9.08
-75.98,-9.44,-9.07
-76.01,-9.31,-9.06
-76.01,-9.12,-9.06
-76.03,-8.99,-9.07
-76.07,-8.77,-9.10
-76.09,-8.63,-9.14
-76.10,-8.49,-9.16
-76.08,-8.32,-9.20
-76.04,-8.17,-9.29
-75.99,-7.96,-9.38
-76.00,-7.70,-9.48
-75.96,-7.51,-9.55
-75.87,-7.30,-9.66
-75.82,-7.00,-9.80
-75.76,-6.72,-9.93
-75.68,-6.48,-10.09
-75.65,-6.18,-10.24
-75.56,-5.93,-10.36
-75.42,-5.77,-10.54
-75.37,-5.50,-10.70
-75.29,-5.28,-10.80
-75.08,-5.11,-10.92
-74.97,-4.86,-11.06
-74.82,-4.61,-11.17
-74.65,-4.43,-11.32
-74.56,-4.21,-11.51
-74.40,-4.05,-11.65
-74.24,-3.95,-11.82
-74.21,-3.73,-11.97
-74.13,-3.56,-12.10
-74.05,-3.40,-12.29
-74.07,-3.12,-12.46
-74.08,-2.97,-12.60
-74.05,-2.85,-12.73
-74.09,-2.67,-12.86
-74.09,-2.63,-12.98
-74.08,-2.53,-13.14
-74.15,-2.36,-13.29
-74.15,-2.26,-13.41
-74.12,-2.17,-13.49
-74.04,-2.07,-13.55
-73.91,-2.02,-13.60
-73.80,-2.01,-13.61
-73.72,-2.01,-13.61
-73.59,-2.03,-13.61
-73.55,-2.02,-13.60
-73.53,-2.01,-13.61
-73.52,-2.02,-13.62
-73.51,-2.02,-13.62
-73.51,-2.01,-13.63
-73.52,-2.02,-13.61
-73.53,-2.06,-13.61
-73.62,-2.08,-13.56
-73.66,-2.08,-13.52
-73.77,-2.06,-13.50
-73.82,-2.03,-13.53
-73.84,-1.97,-13.60
-73.86,-1.96,-13.70
-73.92,-1.89,-13.83
-73.95,-1.95,-14.01
-73.99,-1.96,-14.11
-74.02,-1.96,-14.18
-74.04,-1.97,-14.20
-74.08,-1.98,-14.20
-74.14,-2.02,-14.20
-74.17,-2.02,-14.20
-74.20,-2.02,-14.23
-74.18,-1.99,-14.31
-74.24,-1.89,-14.42
-74.27,-1.82,-14.51
-74.28,-1.78,-14.61
-74.32,-1.74,-14.69
-74.44,-1.69,-14.72
-74.50,-1.59,-14.74
-74.58,-1.54,-14.75
-74.65,-1.50,-14.75
-74.69,-1.47,-14.76
-74.72,-1.45,-14.76
-74.73,-1.44,-14.77
-74.74,-1.42,-14.77
-74.73,-1.41,-14.77
-74.71,-1.40,-14.78
-74.66,-1.38,-14.78
-74.64,-1.28,-14.84
-74.63,-1.33,-14.92
-74.63,-1.31,-14.98
-74.63,-1.30,-15.04
-74.61,-1.28,-15.10
-74.60,-1.28,-15.16
-74.62,-1.29,-15.22
-74.62,-1.30,-15.27
-74.56,-1.31,-15.32
-74.51,-1.31,-15.35
-74.43,-1.35,-15.38
-74.28,-1.44,-15.41
-74.18,-1.49,-15.40
-74.13,-1.54,-15.34
-74.05,-1.61,-15.29
-73.95,-1.64,-15.27
-73.84,-1.66,-15.27
-73.68,-1.69,-15.32
-73.58,-1.73,-15.36
-73.47,-1.77,-15.40
-73.37,-1.84,-15.43
-73.28,-1.88,-15.43
-73.18,-1.94,-15.41
-73.13,-1.95,-15.33
-73.12,-2.00,-15.23
-73.06,-2.06,-15.09
-73.06,-2.10,-14.97
-73.01,-2.16,-14.86
-72.98,-2.23,-14.71
-72.93,-2.42,-14.51
-72.96,-2.48,-14.39
-72.95,-2.52,-14.34
-72.97,-2.55,-14.29
-73.00,-2.59,-14.22
-73.06,-2.62,-14.17
-73.12,-2.60,-14.11
-73.15,-2.61,-14.08
-73.13,-2.69,-14.05
-73.16,-2.62,-14.07
-73.12,-2.70,-14.04
-73.12,-2.63,-14.06
-73.10,-2.64,-14.09
-73.10,-2.69,-14.15
-73.12,-2.71,-14.19
-73.12,-2.71,-14.23
-73.09,-2.69,-14.28
-73.06,-2.67,-14.30
-73.07,-2.67,-14.31
-73.08,-2.67,-14.30
-73.11,-2.67,-14.28
-73.16,-2.68,-14.27
-73.27,-2.66,-14.24
-73.30,-2.65,-14.23
-73.31,-2.63,-14.21
-73.30,-2.63,-14.21
-73.30,-2.63,-14.20
-73.31,-2.63,-14.18
-73.33,-2.64,-14.15
-73.34,-2.63,-14.13
-73.35,-2.62,-14.13
-73.37,-2.60,-14.18
-73.38,-2.56,-14.27
-73.38,-2.48,-14.37
-73.39,-2.45,-14.52
-73.48,-2.33,-14.64
-73.55,-2.32,-14.72
-73.61,-2.28,-14.77
-73.70,-2.19,-14.79
-73.76,-2.17,-14.78
-73.80,-2.17,-14.76
-73.87,-2.17,-14.72
-73.82,-2.22,-14.71
-73.79,-2.26,-14.72
-73.69,-2.38,-14.77
-73.57,-2.47,-14.84
-73.42,-2.54,-14.93
-73.23,-2.63,-15.06
-73.06,-2.78,-15.15
-72.85,-2.98,-15.24
-72.58,-3.12,-15.30
-72.38,-3.25,-15.36
-72.06,-3.47,-15.45
-71.79,-3.68,-15.57
-71.41,-3.89,-15.80
-71.02,-4.12,-16.01
-70.75,-4.25,-16.23
-70.34,-4.63,-16.50
-69.95,-4.93,-16.73
-69.60,-5.28,-16.92
-69.23,-5.59,-17.09
-68.82,-5.93,-17.29
-68.39,-6.35,-17.49
-67.97,-6.72,-17.65
-67.52,-7.19,-17.87
-66.95,-7.63,-18.07
-66.32,-8.07,-18.21
-65.71,-8.62,-18.40
-65.02,-9.17,-18.67
-64.29,-9.73,-18.92
-63.48,-10.21,-19.13
-62.75,-10.78,-19.32
-61.97,-11.44,-19.52
-61.15,-12.21,-19.76
-60.24,-12.78,-19.90
-59.49,-13.48,-20.10
-58.58,-14.20,-20.32
-57.63,-14.90,-20.46
-56.60,-15.72,-20.67
-55.56,-16.47,-20.86
-54.45,-17.28,-21.05
-53.33,-18.12,-21.22
-52.12,-18.93,-21.36
-51.01,-19.87,-21.53
-49.77,-20.69,-21.60
-48.58,-21.64,-21.72
-47.33,-22.53,-21.73
-46.08,-23.48,-21.78
-44.85,-24.29,-21.65
-43.60,-25.24,-21.56
-42.46,-26.13,-21.52
-41.24,-27.06,-21.42
-40.02,-27.78,-21.17
-38.82,-28.81,-21.05
-37.69,-29.64,-20.90
-36.62,-30.23,-20.62
-35.62,-31.10,-20.45
-34.56,-31.89,-20.27
-33.65,-32.57,-20.11
-32.77,-33.16,-19.91
-31.86,-33.80,-19.78
-31.01,-34.47,-19.70
-30.12,-35.06,-19.56
-29.22,-35.67,-19.32
-28.33,-36.31,-19.13
-27.42,-37.04,-18.91
-26.49,-37.56,-18.61
-25.57,-38.32,-18.42
-24.69,-38.90,-18.23
-23.78,-39.38,-17.98
-22.97,-40.07,-17.86
-22.20,-40.65,-17.73
-21.41,-41.21,-17.54
-20.68,-41.79,-17.29
-19.93,-42.31,-17.09
-19.30,-42.82,-16.92
-18.62,-43.28,-16.77
-17.92,-43.82,-16.58
-17.20,-44.36,-16.47
-16.47,-44.95,-16.39
-15.75,-45.53,-16.35
-15.06,-45.95,-16.27
-14.35,-46.41,-16.24
-13.68,-46.97,-16.10
-12.98,-47.53,-16.00
-12.36,-48.13,-15.90
-11.83,-48.60,-15.78
-11.24,-49.13,-15.64
-10.65,-49.72,-15.44
-10.08,-50.37,-15.30
-9.53,-50.79,-15.16
-8.89,-51.43,-15.04
-8.28,-52.08,-14.94
-7.61,-52.67,-14.70
-7.05,-53.15,-14.52
-6.43,-53.83,-14.35
-5.86,-54.48,-14.12
-5.44,-54.89,-13.82
-5.00,-55.53,-13.63
-4.61,-56.20,-13.41
-4.32,-56.57,-13.12
-4.06,-57.01,-12.78
-3.81,-57.62,-12.50
-3.69,-58.03,-12.21
-3.53,-58.47,-11.87
-3.33,-59.06,-11.65
-3.22,-59.42,-11.43
-3.10,-59.79,-11.19
-2.92,-60.29,-11.00
-2.80,-60.66,-10.73
-2.74,-61.08,-10.51
-2.69,-61.47,-10.26
-2.54,-61.98,-10.06
-2.37,-62.27,-9.84
-2.22,-62.58,-9.70
-2.05,-62.94,-9.53
-1.86,-63.40,-9.37
-1.71,-63.72,-9.20
-1.60,-63.93,-8.97
-1.51,-64.18,-8.67
-1.38,-64.60,-8.51
-1.27,-64.84,-8.34
-1.14,-65.02,-8.21
-1.07,-65.20,-8.10
-0.97,-65.37,-8.01
-0.83,-65.57,-7.93
-0.63,-65.79,-7.80
-0.48,-65.93,-7.71
-0.34,-66.00,-7.61
-0.22,-66.17,-7.50
-0.08,-66.33,-7.43
0.11,-66.55,-7.33
0.23,-66.70,-7.20
0.37,-66.87,-7.03
0.48,-66.95,-6.81
0.58,-67.07,-6.64
0.70,-67.16,-6.49
0.85,-67.31,-6.42
1.01,-67.48,-6.35
1.11,-67.57,-6.29
1.24,-67.67,-6.21
1.34,-67.73,-6.13
1.47,-67.89,-6.01
1.59,-67.93,-5.86
1.70,-68.06,-5.78
1.86,-68.29,-5.72
2.01,-68.35,-5.67
2.15,-68.46,-5.64
2.27,-68.60,-5.62
2.39,-68.69,-5.61
2.47,-68.80,-5.61
2.60,-69.06,-5.58
2.69,-69.19,-5.50
2.68,-69.34,-5.40
2.57,-69.52,-5.24
2.48,-69.70,-5.06
2.47,-69.86,-4.83
2.49,-70.07,-4.69
2.48,-70.21,-4.62
2.44,-70.38,-4.53
2.35,-70.56,-4.44
2.29,-70.72,-4.37
2.31,-70.89,-4.33
2.35,-71.01,-4.31
2.41,-71.15,-4.29
2.51,-71.34,-4.27
2.61,-71.49,-4.25
2.70,-71.70,-4.22
2.76,-71.86,-4.16
2.83,-72.05,-4.07
2.86,-72.19,-4.00
2.89,-72.31,-3.93
2.93,-72.40,-3.77
2.96,-72.54,-3.68
2.98,-72.72,-3.54
2.93,-72.86,-3.39
2.86,-73.07,-3.22
2.84,-73.28,-3.04
2.86,-73.41,-2.96
2.89,-73.53,-2.91
2.94,-73.69,-2.86
2.98,-73.81,-2.82
3.05,-73.90,-2.70
3.12,-74.05,-2.60
3.20,-74.17,-2.49
3.26,-74.32,-2.33
3.35,-74.51,-2.14
3.40,-74.70,-1.96
3.42,-74.87,-1.79
3.46,-74.99,-1.54
3.46,-75.15,-1.38
3.41,-75.31,-1.21
3.39,-75.48,-1.02
3.42,-75.70,-0.85
3.47,-75.87,-0.71
3.55,-76.04,-0.48
3.60,-76.16,-0.33
3.65,-76.31,-0.17
3.76,-76.46,0.04
3.87,-76.67,0.20
3.95,-76.88,0.38
4.06,-77.01,0.61
4.18,-77.19,0.70
4.25,-77.30,0.77
4.28,-77.39,0.84
4.29,-77.48,0.90
4.29,-77.58,0.98
4.27,-77.65,1.02
4.26,-77.69,1.07
4.27,-77.73,1.11
4.30,-77.77,1.13
4.33,-77.79,1.14
4.41,-77.83,1.13
4.55,-77.89,1.11
4.63,-77.96,1.09
4.69,-78.00,1.08
4.73,-78.00,1.10
4.80,-78.11,1.10
4.82,-78.15,1.14
4.84,-78.21,1.18
4.87,-78.29,1.25
4.90,-78.36,1.31
4.91,-78.45,1.39
4.92,-78.48,1.50
4.94,-78.50,1.56
4.96,-78.55,1.59
4.95,-78.60,1.63
4.89,-78.69,1.63
4.85,-78.74,1.68
4.86,-78.75,1.77
4.85,-78.82,1.84
4.81,-78.86,1.89
4.72,-78.97,1.88
4.65,-78.95,1.85
4.57,-78.92,1.77
4.52,-78.86,1.65
4.47,-78.85,1.48
4.43,-78.83,1.39
4.38,-78.81,1.32
4.36,-78.82,1.28
4.43,-78.89,1.28
4.49,-78.92,1.29
4.54,-78.98,1.29
4.60,-79.02,1.30
4.65,-79.07,1.32
4.69,-79.09,1.33
4.68,-79.10,1.34
4.64,-79.11,1.33
4.58,-79.10,1.33
4.51,-79.09,1.33
4.44,-79.07,1.34
4.34,-79.06,1.33
4.24,-79.00,1.32
4.14,-78.95,1.31
4.02,-78.92,1.31
3.84,-78.93,1.32
3.62,-78.99,1.32
3.46,-79.03,1.36
3.31,-79.05,1.41
3.18,-79.07,1.46
3.08,-79.08,1.50
2.95,-79.08,1.49
2.83,-79.09,1.49
2.70,-79.11,1.48
2.54,-79.09,1.48
2.30,-79.11,1.49
2.08,-79.16,1.44
1.87,-79.10,1.43
1.75,-79.09,1.41
1.65,-79.06,1.38
1.54,-79.03,1.34
1.41,-79.05,1.33
1.29,-79.07,1.34
1.15,-79.13,1.40
0.98,-79.21,1.50
0.84,-79.28,1.59
0.68,-79.39,1.70
0.49,-79.45,1.79
0.37,-79.56,1.91
0.25,-79.64,1.94
0.15,-79.67,1.95
0.06,-79.68,1.94
-0.02,-79.72,1.89
-0.08,-79.73,1.80
-0.16,-79.72,1.68
-0.27,-79.70,1.57
-0.37,-79.67,1.45
-0.42,-79.79,1.27
-0.44,-79.78,1.16
-0.50,-79.76,1.06
-0.59,-79.69,0.97
-0.68,-79.64,0.88
-0.76,-79.59,0.80
-0.88,-79.49,0.72
-0.95,-79.44,0.63
-1.01,-79.38,0.51
-1.07,-79.37,0.28
-1.11,-79.37,0.12
-1.05,-79.33,-0.02
-1.01,-79.28,-0.13
-0.98,-79.22,-0.23
-0.95,-79.23,-0.30
-0.92,-79.21,-0.37
-0.89,-79.19,-0.42
-0.89,-79.17,-0.46
-0.92,-79.16,-0.49
-0.99,-79.12,-0.49
-1.06,-79.09,-0.47
-1.10,-79.05,-0.45
-1.14,-79.01,-0.43
-1.17,-78.96,-0.42
-1.20,-78.92,-0.41
-1.18,-78.90,-0.38
-1.16,-78.86,-0.39
-1.16,-78.81,-0.45
-1.14,-78.75,-0.53
-1.05,-78.68,-0.61
-0.99,-78.65,-0.78
-0.94,-78.58,-0.87
-0.92,-78.54,-0.91
-0.91,-78.51,-0.91
-0.93,-78.48,-0.88
-0.98,-78.47,-0.85
-1.02,-78.43,-0.79
-1.03,-78.33,-0.70
-1.00,-78.28,-0.69
-0.96,-78.23,-0.70
-0.93,-78.18,-0.72
-0.89,-78.12,-0.74
-0.85,-78.15,-0.84
-0.82,-78.13,-0.84
-0.81,-78.05,-0.76
-0.78,-77.97,-0.72
-0.81,-77.96,-0.70
-0.87,-77.96,-0.65
-0.93,-77.94,-0.61
-0.99,-77.92,-0.58
-1.08,-77.94,-0.61
-1.14,-77.91,-0.62
-1.18,-77.88,-0.64
-1.23,-77.85,-0.66
-1.27,-77.82,-0.65
-1.34,-77.74,-0.62
-1.39,-77.73,-0.58
-1.43,-77.73,-0.55
-1.46,-77.73,-0.54
-1.49,-77.71,-0.53
-1.54,-77.67,-0.54
-1.57,-77.64,-0.54
-1.60,-77.60,-0.53
-1.62,-77.55,-0.52
-1.63,-77.51,-0.52
-1.63,-77.42,-0.54
-1.62,-77.34,-0.61
-1.61,-77.31,-0.76
-1.56,-77.16,-0.91
-1.41,-77.03,-1.07
-1.25,-76.90,-1.20
-1.12,-76.74,-1.29
-0.92,-76.56,-1.33
-0.77,-76.38,-1.43
-0.57,-76.26,-1.50
-0.43,-76.09,-1.54
-0.27,-75.91,-1.57
-0.06,-75.72,-1.64
0.14,-75.46,-1.73
0.36,-75.14,-1.83
0.62,-74.91,-1.94
0.87,-74.68,-2.02
1.17,-74.42,-2.13
1.50,-74.21,-2.18
1.91,-74.01,-2.21
2.31,-73.77,-2.22
2.76,-73.53,-2.23
3.19,-73.26,-2.18
3.65,-73.12,-2.09
4.08,-72.74,-1.85
4.46,-72.42,-1.69
4.92,-72.05,-1.55
5.35,-71.75,-1.46
5.83,-71.30,-1.42
6.28,-70.83,-1.45
6.71,-70.20,-1.52
7.16,-69.59,-1.66
7.56,-68.91,-1.80
8.04,-68.22,-1.92
8.47,-67.55,-2.05
8.95,-66.84,-2.17
9.43,-66.16,-2.29
10.02,-65.47,-2.39
10.55,-64.78,-2.49
11.12,-63.92,-2.52
11.69,-63.14,-2.63
12.31,-62.32,-2.73
12.93,-61.47,-2.85
13.60,-60.78,-2.97
14.23,-59.88,-3.09
14.83,-58.97,-3.18
15.39,-58.16,-3.22
16.00,-57.26,-3.29
16.56,-56.43,-3.34
17.11,-55.46,-3.42
17.58,-54.56,-3.49
18.06,-53.66,-3.59
18.63,-52.75,-3.67
19.12,-51.89,-3.76
19.63,-50.95,-3.87
20.15,-50.10,-3.90
20.73,-49.37,-4.01
21.27,-48.55,-3.98
21.75,-47.70,-4.08
22.31,-46.87,-4.14
22.85,-46.08,-4.22
23.44,-45.28,-4.31
23.95,-44.44,-4.40
24.46,-43.74,-4.47
24.99,-42.99,-4.49
25.49,-42.30,-4.47
25.97,-41.70,-4.39
26.46,-40.98,-4.22
26.89,-40.27,-4.19
27.35,-39.56,-4.18
27.83,-38.85,-4.26
28.35,-38.17,-4.30
28.88,-37.47,-4.42
29.40,-36.77,-4.49
30.03,-36.31,-4.60
30.62,-35.60,-4.64
31.21,-35.02,-4.69
31.82,-34.34,-4.75
32.50,-33.87,-4.71
33.05,-33.30,-4.75
33.58,-32.58,-4.82
34.11,-31.99,-4.92
34.67,-31.29,-5.04
35.26,-30.83,-5.17
35.79,-30.12,-5.26
36.26,-29.51,-5.34
36.78,-28.90,-5.34
37.28,-28.28,-5.42
37.82,-27.71,-5.42
38.40,-27.25,-5.49
38.90,-26.61,-5.49
39.44,-26.03,-5.48
40.02,-25.49,-5.45
40.61,-25.02,-5.56
41.10,-24.47,-5.62
41.63,-23.86,-5.67
42.16,-23.34,-5.72
42.79,-22.96,-5.74
43.35,-22.43,-5.79
43.92,-21.87,-5.79
44.51,-21.47,-5.82
45.15,-21.10,-5.81
45.71,-20.57,-5.86
46.29,-20.05,-5.78
46.88,-19.78,-5.82
47.39,-19.28,-5.81
47.91,-18.90,-5.81
48.56,-18.54,-5.86
49.07,-18.12,-5.91
49.61,-17.63,-5.96
50.15,-17.24,-6.04
50.72,-16.90,-6.10
51.18,-16.45,-6.20
51.78,-16.00,-6.28
52.38,-15.71,-6.41
52.87,-15.22,-6.50
53.32,-14.74,-6.67
53.72,-14.39,-6.79
54.24,-14.03,-6.91
54.63,-13.61,-6.96
54.98,-13.19,-6.99
55.38,-12.73,-7.01
55.77,-12.36,-6.94
56.23,-12.07,-6.94
56.59,-11.71,-6.93
56.89,-11.37,-6.91
57.30,-10.97,-6.87
57.70,-10.58,-6.92
58.11,-10.15,-6.97
58.58,-9.96,-7.03
58.92,-9.57,-7.08
59.29,-9.11,-7.10
59.61,-8.75,-7.10
59.84,-8.25,-7.05
60.11,-7.86,-7.03
60.48,-7.56,-6.99
60.76,-7.25,-7.01
61.07,-6.87,-7.04
61.41,-6.64,-7.10
61.66,-6.38,-7.14
61.96,-6.01,-7.21
62.29,-5.66,-7.25
62.61,-5.37,-7.28
62.99,-5.15,-7.30
63.44,-5.02,-7.32
63.79,-4.72,-7.38
64.06,-4.54,-7.39
64.34,-4.26,-7.37
64.66,-4.07,-7.40
65.11,-4.01,-7.48
65.58,-3.75,-7.49
66.05,-3.59,-7.52
66.54,-3.52,-7.61
66.96,-3.29,-7.62
67.44,-3.18,-7.63
67.95,-3.09,-7.60
68.39,-2.91,-7.57
68.85,-2.92,-7.56
69.22,-2.81,-7.55
69.59,-2.60,-7.50
69.90,-2.49,-7.48
70.29,-2.53,-7.49
70.58,-2.39,-7.46
70.96,-2.23,-7.43
71.23,-2.01,-7.38
71.64,-2.07,-7.39
72.03,-2.00,-7.31
72.39,-1.88,-7.30
72.80,-1.95,-7.31
73.10,-1.86,-7.30
73.39,-1.70,-7.25
73.61,-1.66,-7.19
73.84,-1.60,-7.11
74.17,-1.69,-7.08
74.39,-1.62,-7.04
74.56,-1.34,-7.00
74.71,-1.23,-7.01
74.90,-1.27,-7.09
75.03,-1.16,-7.14
75.14,-1.03,-7.21
75.20,-0.91,-7.24
75.20,-0.79,-7.26
75.23,-0.69,-7.25
75.32,-0.57,-7.29
75.40,-0.49,-7.32
75.47,-0.41,-7.33
75.51,-0.35,-7.34
75.56,-0.24,-7.34
75.62,-0.16,-7.38
75.78,-0.21,-7.44
75.87,-0.15,-7.48
75.92,-0.10,-7.50
75.97,-0.05,-7.50
75.96,0.00,-7.49
75.92,0.02,-7.44
75.72,0.33,-7.31
75.59,0.34,-7.24
75.43,0.37,-7.20
75.26,0.43,-7.28
75.20,0.32,-7.45
75.15,0.43,-7.64
75.11,0.53,-7.83
75.17,0.63,-8.03
75.13,0.83,-8.24
75.22,0.78,-8.42
75.24,0.85,-8.50
75.22,0.92,-8.54
75.01,1.16,-8.54
74.84,1.22,-8.50
74.63,1.23,-8.39
74.37,1.25,-8.30
74.04,1.43,-8.18
73.67,1.64,-8.04
73.39,1.61,-7.99
72.96,1.84,-7.93
72.57,1.94,-7.93
72.32,1.95,-7.90
72.12,1.96,-7.86
71.87,2.13,-7.79
71.74,2.14,-7.77
71.68,2.12,-7.74
71.62,2.08,-7.71
71.55,2.06,-7.66
71.50,2.03,-7.60
71.52,1.91,-7.48
71.41,1.86,-7.35
71.24,1.95,-7.16
71.10,1.92,-7.00
70.91,1.91,-6.89
70.71,1.88,-6.81
70.59,1.84,-6.73
70.50,1.84,-6.70
70.44,1.91,-6.75
70.32,2.13,-6.79
70.27,2.20,-6.88
70.18,2.30,-6.97
70.17,2.35,-7.03
70.15,2.38,-7.07
70.12,2.43,-7.13
70.09,2.53,-7.23
69.98,2.69,-7.33
69.89,2.74,-7.33
69.84,2.69,-7.25
69.74,2.71,-7.19
69.54,2.89,-7.06
69.47,2.90,-6.93
69.49,2.95,-6.85
69.57,3.00,-6.82
69.71,3.06,-6.82
69.91,2.96,-6.87
70.09,3.07,-6.93
70.29,3.15,-7.00
70.43,3.24,-7.06
70.55,3.31,-7.15
70.66,3.37,-7.23
70.77,3.41,-7.27
71.00,3.30,-7.31
71.10,3.35,-7.29
71.14,3.38,-7.24
71.14,3.41,-7.20
71.12,3.46,-7.18
71.04,3.67,-7.17
71.01,3.73,-7.19
70.95,3.82,-7.24
70.91,3.95,-7.34
70.84,4.05,-7.42
70.78,4.12,-7.46
70.73,4.18,-7.46
70.66,4.24,-7.47
70.55,4.29,-7.46
70.27,4.48,-7.40
69.96,4.53,-7.39
69.59,4.60,-7.49
69.21,4.84,-7.54
69.04,4.85,-7.72
68.85,4.93,-7.86
68.80,4.97,-7.97
68.77,5.01,-8.09
68.70,5.03,-8.17
68.59,5.01,-8.24
68.42,5.09,-8.33
68.19,5.22,-8.28
68.05,5.16,-8.23
67.98,5.04,-8.09
67.88,4.92,-7.97
67.83,4.84,-7.88
67.79,4.77,-7.77
67.74,4.70,-7.67
67.66,4.62,-7.55
67.59,4.63,-7.47
67.48,4.70,-7.36
67.43,4.66,-7.29
67.42,4.63,-7.23
67.42,4.59,-7.18
67.42,4.57,-7.14
67.43,4.54,-7.12
67.46,4.55,-7.15
67.49,4.57,-7.20
67.53,4.59,-7.25
67.55,4.61,-7.30
67.57,4.60,-7.34
67.57,4.60,-7.36
67.55,4.57,-7.38
67.55,4.45,-7.44
67.50,4.42,-7.47
67.52,4.41,-7.48
67.66,4.38,-7.46
67.90,4.31,-7.43
68.11,4.22,-7.39
68.25,4.17,-7.34
68.35,4.14,-7.28
68.49,4.06,-7.18
68.56,4.04,-7.10
68.62,4.03,-7.07
68.66,4.03,-7.06
68.68,4.03,-7.06
68.69,4.04,-7.05
68.68,4.02,-7.03
68.63,3.99,-7.01
68.59,3.96,-6.97
68.56,3.91,-6.95
68.55,3.88,-6.94
68.56,3.88,-6.98
68.59,3.87,-7.05
68.62,3.88,-7.11
68.61,3.90,-7.21
68.62,3.89,-7.28
68.57,3.87,-7.33
68.49,3.84,-7.34
68.43,3.80,-7.33
68.34,3.72,-7.28
68.27,3.67,-7.25
68.20,3.61,-7.21
68.15,3.48,-7.08
68.06,3.38,-6.99
67.94,3.30,-6.91
67.79,3.26,-6.84
67.58,3.34,-6.74
67.43,3.31,-6.72
67.23,3.26,-6.71
66.98,3.21,-6.71
66.73,3.15,-6.68
66.33,3.27,-6.61
65.98,3.28,-6.56
65.64,3.21,-6.52
65.15,3.27,-6.44
64.73,3.20,-6.37
64.32,3.27,-6.26
63.87,3.17,-6.16
63.39,2.96,-6.04
62.87,3.00,-5.88
62.44,2.83,-5.71
61.91,2.81,-5.58
61.42,2.63,-5.48
60.97,2.49,-5.36
60.48,2.53,-5.27
60.18,2.35,-5.19
59.83,2.18,-5.18
59.43,2.19,-5.14
59.00,2.10,-5.14
58.48,1.92,-5.12
57.87,1.88,-5.00
57.30,1.76,-4.95
56.59,1.73,-4.87
55.87,1.72,-4.78
55.14,1.61,-4.76
54.31,1.70,-4.74
53.54,1.69,-4.72
52.85,1.61,-4.71
52.05,1.66,-4.72
51.25,1.77,-4.72
50.43,1.77,-4.69
49.70,1.78,-4.67
48.88,1.80,-4.61
48.13,1.86,-4.50
47.41,1.72,-4.43
46.67,1.76,-4.28
45.91,1.74,-4.19
45.16,1.67,-4.08
44.37,1.68,-4.06
43.59,1.75,-4.04
42.88,1.63,-4.09
42.14,1.83,-4.10
41.39,1.86,-4.12
40.75,1.85,-4.11
40.07,1.86,-4.11
39.40,1.87,-4.03
38.81,1.86,-3.99
38.18,1.86,-3.97
37.62,1.80,-3.92
36.97,1.79,-3.92
36.40,1.68,-3.90
35.76,1.76,-3.84
35.13,1.64,-3.87
34.48,1.80,-3.87
33.77,1.78,-3.86
33.11,1.80,-3.85
32.33,1.81,-3.85
31.62,1.83,-3.74
30.92,1.72,-3.68
30.24,1.74,-3.52
29.64,1.71,-3.42
28.93,1.69,-3.33
28.33,1.62,-3.23
27.65,1.61,-3.20
27.02,1.61,-3.13
26.42,1.58,-3.15
25.75,1.52,-3.17
25.07,1.47,-3.11
24.33,1.43,-3.08
23.63,1.38,-2.90
22.89,1.27,-2.82
22.11,1.31,-2.65
21.26,1.24,-2.53
20.50,1.13,-2.33
19.73,1.13,-2.20
18.90,1.10,-2.08
18.15,1.02,-2.04
17.36,1.00,-1.95
16.57,0.97,-1.94
15.75,0.95,-1.92
14.89,0.89,-1.91
14.01,0.99,-1.82
13.12,0.93,-1.75
12.24,0.87,-1.64
11.30,0.80,-1.47
10.30,0.79,-1.29
9.41,0.85,-1.12
8.44,0.77,-1.02
7.64,0.77,-0.95
6.79,0.67,-0.99
5.91,0.74,-1.02
5.04,0.78,-1.00
4.08,0.78,-1.01
3.21,0.80,-0.93
2.23,0.81,-0.90
1.27,0.79,-0.78
0.28,0.94,-0.65
-0.76,0.90,-0.56
-1.69,0.88,-0.50
-2.63,0.86,-0.42
-3.51,0.80,-0.42
-4.37,1.01,-0.39
-5.25,1.01,-0.42
-6.08,1.09,-0.34
-6.96,1.05,-0.33
-7.85,0.99,-0.25
-8.78,1.00,-0.08
-9.69,0.97,0.04
-10.61,0.99,0.21
-11.55,0.90,0.28
-12.59,0.89,0.37
-13.63,0.96,0.42
-14.63,1.00,0.42
-15.67,1.05,0.40
-16.69,1.22,0.43
-17.69,1.24,0.40
-18.75,1.26,0.42
-19.75,1.32,0.45
-20.69,1.31,0.47
-21.69,1.27,0.48
-22.58,1.34,0.53
-23.59,1.30,0.53
-24.50,1.30,0.54
-25.41,1.34,0.63
-26.29,1.22,0.61
-27.29,1.16,0.67
-28.18,1.21,0.73
-29.20,1.14,0.78
-30.10,1.05,0.78
-30.96,1.00,0.89
-31.82,0.91,0.91
-32.76,0.79,1.07
-33.63,0.60,1.17
-34.57,0.48,1.28
-35.41,0.41,1.48
-36.30,0.16,1.63
-37.17,0.02,1.77
-38.04,-0.09,1.92
-38.96,-0.32,2.10
-39.78,-0.42,2.27
-40.77,-0.56,2.40
-41.64,-0.63,2.53
-42.56,-0.82,2.73
-43.53,-0.96,2.83
-44.47,-0.94,2.98
-45.43,-1.05,3.11
-46.37,-1.14,3.30
-47.20,-1.25,3.42
-48.09,-1.37,3.54
-48.99,-1.32,3.68
-49.89,-1.54,3.84
-50.74,-1.62,3.99
-51.60,-1.67,4.13
-52.43,-1.70,4.29
-53.30,-1.85,4.44
-54.14,-1.94,4.53
-54.94,-1.91,4.61
-55.85,-1.98,4.68
-56.63,-1.99,4.74
-57.54,-2.03,4.82
-58.37,-2.00,4.89
-59.19,-2.04,4.96
-60.09,-2.12,5.00
-60.83,-2.03,5.11
-61.55,-2.16,5.10
-62.19,-2.17,5.23
-62.83,-2.20,5.23
-63.50,-2.25,5.28
-64.12,-2.24,5.32
-64.76,-2.33,5.36
-65.34,-2.30,5.47
-65.94,-2.39,5.46
-66.48,-2.33,5.50
-67.01,-2.31,5.53
-67.57,-2.33,5.53
-68.11,-2.24,5.57
-68.71,-2.32,5.54
-69.25,-2.23,5.58
-69.72,-2.23,5.51
-70.21,-2.19,5.46
-70.65,-2.15,5.44
-71.09,-2.07,5.40
-71.50,-2.14,5.36
-71.87,-2.10,5.36
-72.26,-2.09,5.36
-72.74,-2.12,5.33
-73.16,-2.12,5.37
-73.59,-2.01,5.41
-74.02,-2.07,5.43
-74.54,-2.10,5.52
-75.04,-2.08,5.64
-75.66,-2.24,5.68
-76.24,-2.20,5.81
-76.82,-2.24,5.84
-77.47,-2.26,5.91
-78.04,-2.23,5.99
-78.70,-2.28,5.98
-79.28,-2.25,6.03
-79.93,-2.31,5.97
-80.49,-2.27,5.98
-81.04,-2.28,5.97
-81.58,-2.39,5.97
-82.10,-2.39,5.99
-82.63,-2.59,5.97
-83.08,-2.61,6.04
-83.47,-2.65,6.06
-83.90,-2.85,6.00
-84.18,-2.95,5.96
-84.46,-3.03,5.92
-84.68,-3.12,5.88
-84.97,-3.31,5.88
-85.17,-3.42,5.90
-85.38,-3.60,5.93
-85.66,-3.68,5.89
-85.96,-3.84,5.77
-86.15,-3.91,5.69
-86.35,-3.96,5.64
-86.49,-4.02,5.56
-86.61,-4.12,5.45
-86.66,-4.24,5.40
-86.67,-4.41,5.38
-86.60,-4.51,5.38
-86.53,-4.60,5.35
-86.47,-4.69,5.24
-86.44,-4.75,5.08
-86.38,-4.72,4.87
-86.33,-4.63,4.60
-86.27,-4.57,4.37
-86.22,-4.50,4.10
-86.16,-4.46,3.91
-86.02,-4.37,3.71
-85.81,-4.33,3.47
-85.57,-4.29,3.22
-85.20,-4.15,2.97
-84.86,-4.10,2.70
-84.37,-4.08,2.43
-83.81,-3.91,2.23
-83.22,-3.92,2.00
-82.67,-3.81,1.72
-82.10,-3.72,1.46
-81.60,-3.58,1.14
-81.17,-3.47,0.88
-80.72,-3.39,0.52
-80.31,-3.28,0.28
-79.80,-3.16,0.04
-79.42,-2.96,-0.15
-79.03,-2.91,-0.39
-78.61,-2.75,-0.64
-78.23,-2.72,-0.84
-77.73,-2.52,-1.03
-77.30,-2.39,-1.22
-76.97,-2.35,-1.43
-76.60,-2.23,-1.60
-76.37,-2.07,-1.78
-76.03,-1.91,-1.95
-75.71,-1.73,-2.09
-75.40,-1.62,-2.24
-75.18,-1.52,-2.38
-74.94,-1.41,-2.46
-74.67,-1.33,-2.50
-74.48,-1.21,-2.53
-74.32,-1.12,-2.59
-74.12,-1.10,-2.66
-73.96,-1.00,-2.77
-73.75,-0.93,-2.88
-73.52,-0.89,-2.99
-73.37,-0.88,-3.08
-73.19,-0.88,-3.19
-73.04,-0.93,-3.23
-72.84,-1.02,-3.26
-72.72,-1.06,-3.28
-72.59,-1.05,-3.31
-72.48,-1.09,-3.37
-72.34,-1.10,-3.46
-72.27,-1.18,-3.52
-72.27,-1.32,-3.60
-72.28,-1.42,-3.66
-72.29,-1.53,-3.73
-72.33,-1.62,-3.82
-72.39,-1.71,-3.92
-72.46,-1.79,-4.01
-72.57,-1.89,-4.09
-72.85,-2.08,-4.19
-73.08,-2.20,-4.25
-73.28,-2.32,-4.31
-73.56,-2.49,-4.36
-73.82,-2.71,-4.44
-73.98,-2.82,-4.55
-74.21,-2.89,-4.65
-74.41,-3.00,-4.71
-74.66,-3.16,-4.70
-75.00,-3.24,-4.63
-75.24,-3.35,-4.60
-75.49,-3.45,-4.57
-75.67,-3.54,-4.59
-75.85,-3.66,-4.70
-75.98,-3.71,-4.78
-76.09,-3.76,-4.79
-76.26,-3.78,-4.80
-76.41,-3.80,-4.81
-76.59,-3.84,-4.79
-76.90,-3.94,-4.81
-77.22,-4.03,-4.83
-77.59,-4.05,-4.82
-77.96,-4.03,-4.84
-78.43,-4.13,-4.89
-78.81,-4.07,-4.93
-79.18,-4.07,-4.96
-79.59,-4.12,-5.06
-79.89,-4.06,-5.20
-80.22,-4.02,-5.30
-80.49,-4.07,-5.47
-80.66,-4.07,-5.60
-80.89,-4.09,-5.70
-81.03,-4.08,-5.79
-81.18,-4.13,-5.85
-81.45,-4.23,-5.88
-81.68,-4.28,-5.87
-81.91,-4.29,-5.88
-82.13,-4.32,-5.89
-82.29,-4.38,-5.98
-82.40,-4.42,-6.07
-82.49,-4.49,-6.17
-82.55,-4.53,-6.23
-82.59,-4.56,-6.26
-82.61,-4.58,-6.32
-82.65,-4.62,-6.33
-82.70,-4.67,-6.28
-82.80,-4.71,-6.22
-82.88,-4.73,-6.21
-82.94,-4.76,-6.19
-82.92,-4.79,-6.15
-82.87,-4.82,-6.11
-82.87,-4.84,-6.07
-82.95,-4.87,-6.00
-83.09,-4.92,-5.96
-83.31,-4.94,-5.95
-83.60,-4.98,-5.97
-83.81,-5.09,-5.98
-83.99,-5.14,-5.98
-84.27,-5.19,-5.95
-84.49,-5.21,-5.89
-84.79,-5.27,-5.88
-85.02,-5.38,-5.85
-85.12,-5.43,-5.84
-85.17,-5.46,-5.85
-85.20,-5.47,-5.91
-85.18,-5.48,-5.99
-85.17,-5.48,-6.08
-85.10,-5.44,-6.23
-85.01,-5.40,-6.37
-84.91,-5.34,-6.55
-84.86,-5.32,-6.67
-84.72,-5.33,-6.76
-84.65,-5.27,-6.84
-84.56,-5.28,-6.87
-84.49,-5.28,-6.84
-84.40,-5.33,-6.79
-84.29,-5.33,-6.77
-84.10,-5.23,-6.79
-83.91,-5.17,-6.78
-83.64,-5.19,-6.89
-83.23,-5.17,-7.04
-82.75,-5.11,-7.21
-82.23,-4.99,-7.41
-81.70,-4.92,-7.56
-81.17,-4.98,-7.77
-80.35,-4.90,-7.86
-79.64,-5.01,-8.00
-78.94,-4.97,-8.01
-78.44,-5.07,-8.03
-78.13,-5.06,-8.07
-77.76,-5.08,-8.08
-77.45,-5.03,-8.07
-77.12,-5.01,-8.11
-76.91,-4.89,-8.21
-76.64,-4.87,-8.37
-76.48,-4.81,-8.48
-76.34,-4.76,-8.57
-76.07,-4.70,-8.63
-75.94,-4.65,-8.62
-75.85,-4.58,-8.58
-75.81,-4.54,-8.57
-75.77,-4.49,-8.57
-75.75,-4.45,-8.60
-75.78,-4.30,-8.68
-75.82,-4.20,-8.77
-75.85,-4.07,-8.91
-75.86,-3.87,-9.16
-75.90,-3.71,-9.41
-75.97,-3.53,-9.69
-76.01,-3.39,-9.83
-75.94,-3.31,-9.93
-75.74,-3.26,-10.01
-75.52,-3.13,-10.08
-75.31,-3.02,-10.17
-75.13,-2.94,-10.20
-74.97,-2.89,-10.21
-74.86,-2.83,-10.19
-74.79,-2.76,-10.16
-74.76,-2.71,-10.12
-74.72,-2.66,-10.09
-74.60,-2.64,-10.08
-74.48,-2.54,-10.03
-74.37,-2.49,-10.00
-74.27,-2.43,-9.99
-74.20,-2.35,-9.97
-74.14,-2.30,-9.96
-74.08,-2.25,-9.97
-74.04,-2.20,-9.99
-74.02,-2.16,-9.99
-73.98,-2.12,-9.97
-73.97,-2.10,-9.91
-74.00,-2.04,-9.82
-74.03,-2.09,-9.68
-74.10,-2.09,-9.51
-74.12,-2.09,-9.36
-74.13,-2.06,-9.22
-74.14,-2.01,-9.08
-74.17,-2.05,-8.94
-74.25,-2.06,-8.77
-74.28,-2.05,-8.60
-74.28,-2.03,-8.48
-74.25,-2.09,-8.37
-74.26,-2.08,-8.32
-74.38,-2.04,-8.31
-74.48,-1.94,-8.36
-74.57,-1.91,-8.40
-74.68,-1.84,-8.46
-74.83,-1.83,-8.55
-74.94,-1.78,-8.59
-75.07,-1.73,-8.60
-75.09,-1.73,-8.58
-75.09,-1.71,-8.57
-75.09,-1.71,-8.55
-75.08,-1.71,-8.51
-75.08,-1.72,-8.47
-75.08,-1.73,-8.43
-75.09,-1.73,-8.39
-75.10,-1.74,-8.32
-75.11,-1.73,-8.29
-75.15,-1.70,-8.26
-75.19,-1.75,-8.20
-75.26,-1.74,-8.17
-75.29,-1.73,-8.16
-75.31,-1.63,-8.19
-75.26,-1.61,-8.21
-75.16,-1.59,-8.24
-74.97,-1.56,-8.25
-74.72,-1.61,-8.23
-74.51,-1.73,-8.19
-74.39,-1.81,-8.17
-74.26,-1.89,-8.13
-74.17,-1.96,-8.08
-74.07,-2.01,-8.00
-74.02,-2.07,-7.93
-74.01,-2.11,-7.84
-74.00,-2.22,-7.66
-74.03,-2.26,-7.50
-74.05,-2.30,-7.38
-74.06,-2.36,-7.27
-74.01,-2.48,-7.14
-74.00,-2.55,-7.05
-73.94,-2.62,-7.01
-73.87,-2.70,-6.99
-73.80,-2.79,-6.97
-73.77,-2.87,-6.92
-73.77,-2.94,-6.87
-73.75,-3.06,-6.76
-73.77,-3.10,-6.65
-73.84,-3.14,-6.56
-73.89,-3.15,-6.51
-73.92,-3.17,-6.50
-73.92,-3.19,-6.52
-73.92,-3.23,-6.58
-73.89,-3.28,-6.65
-73.81,-3.32,-6.73
-73.70,-3.39,-6.80
-73.66,-3.45,-6.85
-73.60,-3.48,-6.88
-73.53,-3.50,-6.94
-73.55,-3.44,-7.06
-73.56,-3.45,-7.17
-73.57,-3.46,-7.26
-73.54,-3.47,-7.35
-73.53,-3.47,-7.40
-73.56,-3.47,-7.45
-73.57,-3.49,-7.51
-73.61,-3.47,-7.54
-73.65,-3.46,-7.54
-73.71,-3.45,-7.52
-73.75,-3.46,-7.49
-73.82,-3.46,-7.44
-73.84,-3.45,-7.45
-73.82,-3.44,-7.52
-73.87,-3.34,-7.63
-73.95,-3.31,-7.70
-73.97,-3.29,-7.78
-74.03,-3.29,-7.82
-74.11,-3.25,-7.85
-74.24,-3.24,-7.86
-74.38,-3.22,-7.83
-74.53,-3.25,-7.82
-74.62,-3.22,-7.80
-74.63,-3.21,-7.82
-74.64,-3.20,-7.86
-74.65,-3.19,-7.91
-74.64,-3.16,-7.97
-74.66,-3.19,-8.03
-74.72,-3.18,-8.05
-74.80,-3.19,-8.06
-74.90,-3.16,-8.08
-75.02,-3.12,-8.10
-75.28,-2.99,-8.13
-75.44,-2.94,-8.13
-75.56,-2.89,-8.13
-75.67,-2.90,-8.14
-75.83,-2.88,-8.14
-75.89,-2.87,-8.16
-75.93,-2.85,-8.15
-75.99,-2.84,-8.13
-76.08,-2.88,-8.09
-76.13,-2.89,-8.05
-76.16,-2.87,-8.03
-76.17,-2.85,-8.03
-76.20,-2.82,-8.03
-76.24,-2.81,-8.03
-76.26,-2.79,-8.02
-76.28,-2.79,-8.00
-76.25,-2.86,-7.92
-76.26,-2.86,-7.87
-76.32,-2.89,-7.80
-76.40,-2.91,-7.72
-76.38,-2.88,-7.62
-76.28,-2.91,-7.55
-76.17,-2.93,-7.47
-76.05,-2.95,-7.43
-75.94,-2.95,-7.43
-75.84,-2.94,-7.44
-75.74,-2.90,-7.45
-75.63,-2.90,-7.47
-75.55,-2.87,-7.47
-75.46,-2.85,-7.45
-75.36,-2.82,-7.42
-75.22,-2.76,-7.38
-75.07,-2.80,-7.31
-74.89,-2.80,-7.26
-74.77,-2.79,-7.25
-74.65,-2.77,-7.29
-74.56,-2.64,-7.37
-74.43,-2.61,-7.44
-74.23,-2.57,-7.53
-74.10,-2.53,-7.61
-73.95,-2.47,-7.69
-73.69,-2.42,-7.80
-73.51,-2.39,-7.85
-73.36,-2.27,-7.91
-73.20,-2.20,-7.92
-73.01,-2.18,-7.93
-72.89,-2.15,-7.91
-72.77,-2.11,-7.90
-72.65,-2.07,-7.88
-72.53,-2.03,-7.86
-72.35,-1.96,-7.85
-72.27,-1.90,-7.84
-72.18,-1.84,-7.83
-72.08,-1.79,-7.82
-71.98,-1.75,-7.84
-71.86,-1.70,-7.87
-71.70,-1.69,-7.94
-71.58,-1.64,-7.96
-71.45,-1.62,-7.97
-71.29,-1.61,-7.91
-70.94,-1.55,-7.84
-70.59,-1.61,-7.90
-70.16,-1.62,-7.97
-69.68,-1.63,-8.03
-69.13,-1.65,-8.07
-68.52,-1.72,-8.20
-67.77,-1.65,-8.27
-67.10,-1.75,-8.41
-66.40,-1.67,-8.53
-65.57,-1.73,-8.67
-64.73,-1.76,-8.80
-63.88,-1.83,-8.95
-62.96,-1.80,-9.10
-62.08,-1.79,-9.33
-61.09,-1.80,-9.50
-60.19,-1.86,-9.65
-59.17,-1.87,-9.81
-58.13,-1.90,-9.97
-57.12,-1.87,-10.16
-56.00,-1.88,-10.30
-54.91,-1.88,-10.42
-53.81,-1.93,-10.54
-52.69,-1.98,-10.67
-51.55,-1.92,-10.82
-50.34,-1.92,-11.01
-49.24,-1.92,-11.22
-48.07,-1.90,-11.40
-46.89,-1.84,-11.55
-45.74,-1.84,-11.73
-44.73,-1.78,-11.89
-43.61,-1.70,-12.00
-42.55,-1.68,-12.10
-41.58,-1.69,-12.22
-40.58,-1.59,-12.31
-39.62,-1.47,-12.38
-38.74,-1.29,-12.43
-37.79,-1.18,-12.54
-36.86,-1.08,-12.62
-35.99,-1.03,-12.78
-35.08,-0.85,-12.84
-34.18,-0.83,-13.04
-33.29,-0.70,-13.22
-32.55,-0.48,-13.37
-31.67,-0.36,-13.58
-30.87,-0.36,-13.86
-30.12,-0.14,-14.00
-29.39,-0.11,-14.20
-28.65,0.18,-14.32
-27.91,0.21,-14.48
-27.11,0.32,-14.57
-26.44,0.46,-14.70
-25.71,0.60,-14.82
-25.09,0.74,-14.95
-24.38,0.82,-15.01
-23.79,0.92,-15.13
-23.11,0.96,-15.23
-22.51,1.13,-15.32
-21.89,1.13,-15.44
-21.32,1.31,-15.46
-20.77,1.36,-15.49
-20.26,1.53,-15.53
-19.74,1.58,-15.57
-19.22,1.59,-15.66
-18.71,1.76,-15.66
-18.18,1.70,-15.70
-17.72,1.77,-15.73
-17.22,1.87,-15.68
-16.76,1.82,-15.65
-16.34,1.80,-15.60
-15.80,1.80,-15.55
-15.35,1.86,-15.58
-14.82,1.82,-15.62
-14.35,1.90,-15.60
-13.93,1.89,-15.65
-13.51,1.92,-15.66
-13.12,2.00,-15.66
-12.83,2.05,-15.67
-12.45,1.91,-15.68
-12.02,1.92,-15.66
-11.54,1.98,-15.60
-11.11,1.91,-15.57
-10.69,1.91,-15.48
-10.22,1.89,-15.36
-9.83,1.81,-15.20
-9.40,1.82,-15.16
-8.93,1.72,-15.17
-8.53,1.77,-15.23
-8.11,1.73,-15.27
-7.57,1.73,-15.30
-7.09,1.73,-15.38
-6.55,1.65,-15.48
-6.07,1.72,-15.45
-5.54,1.62,-15.51
-5.07,1.59,-15.52
-4.52,1.58,-15.47
-4.05,1.53,-15.41
-3.57,1.51,-15.34
-3.02,1.51,-15.22
-2.52,1.51,-15.21
-1.97,1.49,-15.20
-1.50,1.49,-15.20
-1.01,1.41,-15.30
-0.60,1.48,-15.37
-0.18,1.58,-15.39
0.26,1.48,-15.45
0.71,1.58,-15.54
1.25,1.61,-15.57
1.70,1.61,-15.59
2.18,1.64,-15.63
2.74,1.68,-15.64
3.18,1.71,-15.68
3.70,1.67,-15.76
4.14,1.84,-15.82
4.61,1.88,-15.91
5.04,1.86,-16.01
5.48,1.95,-16.12
5.97,1.99,-16.17
6.34,2.05,-16.23
6.82,2.15,-16.35
7.42,2.26,-16.39
7.90,2.34,-16.45
8.42,2.31,-16.55
8.92,2.53,-16.57
9.38,2.57,-16.63
9.93,2.59,-16.72
10.47,2.78,-16.75
11.01,2.73,-16.85
11.46,2.91,-16.87
11.99,2.94,-16.82
12.37,2.97,-16.79
12.70,3.00,-16.71
13.09,3.11,-16.60
13.46,3.01,-16.54
13.79,3.08,-16.51
14.25,3.20,-16.48
14.75,3.12,-16.51
15.23,3.21,-16.46
15.88,3.13,-16.35
16.42,3.15,-16.33
17.00,3.10,-16.32
17.47,3.11,-16.31
17.98,2.98,-16.34
18.43,3.07,-16.33
18.83,3.08,-16.33
19.18,2.96,-16.37
19.46,2.98,-16.39
19.71,3.04,-16.43
19.90,3.12,-16.51
20.15,3.09,-16.63
20.30,3.21,-16.72
20.46,3.31,-16.85
20.64,3.36,-16.95
20.81,3.46,-17.03
21.00,3.50,-17.07
21.19,3.48,-17.09
21.43,3.37,-17.08
21.60,3.40,-17.00
21.77,3.43,-16.91
21.92,3.45,-16.86
22.04,3.41,-16.81
22.19,3.41,-16.77
22.34,3.39,-16.76
22.57,3.27,-16.76
22.72,3.39,-16.68
22.93,3.44,-16.54
23.08,3.42,-16.48
23.26,3.37,-16.43
23.42,3.33,-16.41
23.62,3.23,-16.44
23.76,3.25,-16.47
23.89,3.25,-16.46
23.96,3.26,-16.44
24.01,3.28,-16.43
24.08,3.32,-16.45
24.14,3.37,-16.49
24.21,3.45,-16.51
24.26,3.49,-16.52
24.32,3.52,-16.52
24.41,3.52,-16.50
24.51,3.52,-16.48
24.63,3.49,-16.47
24.75,3.47,-16.48
24.92,3.37,-16.50
25.10,3.38,-16.51
25.23,3.38,-16.50
25.33,3.37,-16.49
25.37,3.31,-16.39
25.38,3.25,-16.20
25.40,3.25,-16.07
25.47,3.22,-15.94
25.51,3.13,-15.84
25.47,3.00,-15.69
25.38,2.89,-15.56
25.26,2.79,-15.43
25.14,2.69,-15.31
24.96,2.56,-15.19
24.83,2.44,-15.10
24.69,2.36,-15.02
24.61,2.28,-14.89
24.56,2.19,-14.81
24.55,2.06,-14.70
24.59,1.98,-14.63
24.66,1.95,-14.55
24.70,1.88,-14.48
24.75,1.77,-14.40
24.77,1.65,-14.29
24.78,1.56,-14.22
24.78,1.48,-14.15
24.77,1.42,-14.07
24.78,1.35,-13.99
24.80,1.28,-13.95
24.80,1.27,-13.90
24.81,1.24,-13.87
24.82,1.24,-13.80
24.82,1.20,-13.77
24.85,1.19,-13.74
24.86,1.17,-13.69
24.84,1.15,-13.63
24.78,1.15,-13.57
24.69,1.15,-13.50
24.62,1.13,-13.42
24.61,1.11,-13.34
24.61,1.11,-13.32
24.62,1.10,-13.31
24.65,1.08,-13.30
24.68,1.07,-13.28
24.71,1.06,-13.26
24.76,1.06,-13.24
24.80,1.03,-13.20
24.86,1.05,-13.18
24.94,1.06,-13.17
25.04,1.07,-13.15
25.26,1.07,-13.10
25.41,1.07,-13.05
25.52,1.10,-12.95
25.59,1.07,-12.89
25.66,1.06,-12.84
25.75,1.03,-12.80
25.82,1.03,-12.78
25.87,1.03,-12.79
25.93,1.05,-12.78
26.01,1.05,-12.77
26.09,1.05,-12.74
26.16,1.04,-12.72
26.18,1.03,-12.67
26.18,1.03,-12.62
26.13,0.97,-12.54
26.07,0.94,-12.49
25.93,0.89,-12.48
25.83,0.90,-12.49
25.80,0.91,-12.51
25.81,0.91,-12.54
25.84,0.91,-12.55
25.87,0.90,-12.54
25.87,0.88,-12.50
25.83,0.86,-12.44
25.70,0.86,-12.35
25.58,0.81,-12.25
25.45,0.77,-12.19
25.34,0.74,-12.15
25.23,0.79,-12.10
25.16,0.79,-12.09
25.08,0.79,-12.07
25.03,0.78,-12.05
24.96,0.73,-12.00
24.91,0.69,-11.98
24.89,0.66,-11.98
24.90,0.62,-12.01
24.92,0.60,-12.05
24.94,0.57,-12.08
24.95,0.55,-12.08
24.95,0.52,-12.07
24.91,0.50,-12.03
24.86,0.49,-11.98
24.78,0.49,-11.91
24.70,0.53,-11.77
24.63,0.54,-11.73
24.58,0.56,-11.72
24.55,0.56,-11.73
24.55,0.56,-11.82
24.62,0.54,-11.91
24.70,0.57,-11.99
24.75,0.59,-12.06
24.82,0.65,-12.12
24.89,0.67,-12.15
24.96,0.66,-12.14
25.00,0.67,-12.10
25.00,0.66,-12.03
25.00,0.69,-11.99
25.02,0.71,-11.98
25.07,0.74,-11.98
25.17,0.80,-12.05
25.23,0.87,-12.13
25.26,0.93,-12.22
25.33,0.94,-12.31
25.40,1.01,-12.38
25.52,1.09,-12.45
25.64,1.14,-12.48
25.82,1.18,-12.53
26.00,1.25,-12.46
26.17,1.27,-12.41
26.27,1.25,-12.32
26.33,1.22,-12.23
26.44,1.22,-12.08
26.59,1.10,-12.06
26.71,1.08,-12.05
26.80,1.07,-12.08
26.90,1.08,-12.10
27.06,1.10,-12.13
27.19,1.09,-12.14
27.33,1.11,-12.10
27.43,1.03,-12.06
27.51,0.98,-12.01
27.56,0.88,-11.99
27.54,0.83,-11.94
27.48,0.87,-11.90
27.44,0.87,-11.87
27.43,0.86,-11.85
27.45,0.84,-11.82
27.46,0.82,-11.80
27.45,0.81,-11.78
27.45,0.78,-11.75
27.44,0.75,-11.73
27.40,0.75,-11.73
27.35,0.73,-11.75
27.30,0.71,-11.78
27.26,0.69,-11.81
27.23,0.67,-11.82
27.19,0.64,-11.80
27.10,0.58,-11.76
27.00,0.49,-11.69
26.85,0.44,-11.59
26.70,0.36,-11.51
26.57,0.31,-11.47
26.48,0.28,-11.45
26.42,0.26,-11.45
26.32,0.24,-11.45
26.27,0.21,-11.46
26.23,0.16,-11.47
26.16,0.12,-11.49
26.04,0.14,-11.47
25.90,0.10,-11.46
25.75,0.03,-11.42
25.54,-0.08,-11.39
25.37,-0.13,-11.37
25.19,-0.17,-11.36
24.99,-0.20,-11.35
24.81,-0.24,-11.32
24.60,-0.22,-11.27
24.34,-0.31,-11.21
24.04,-0.45,-11.17
23.68,-0.56,-11.11
23.35,-0.50,-11.08
23.02,-0.50,-11.06
22.69,-0.63,-11.06
22.34,-0.70,-11.01
21.95,-0.67,-10.94
21.64,-0.72,-10.90
21.25,-0.84,-10.87
20.86,-0.87,-10.80
20.45,-0.93,-10.79
20.03,-0.97,-10.76
19.54,-1.02,-10.76
19.06,-1.13,-10.70
18.52,-1.09,-10.62
17.94,-1.28,-10.58
17.37,-1.38,-10.56
16.77,-1.49,-10.56
16.16,-1.55,-10.51
15.54,-1.65,-10.44
14.91,-1.78,-10.42
14.32,-1.89,-10.33
13.70,-2.14,-10.33
13.07,-2.18,-10.27
12.38,-2.44,-10.25
11.75,-2.46,-10.23
11.09,-2.70,-10.25
10.41,-2.66,-10.22
9.76,-3.02,-10.41
9.04,-3.11,-10.39
8.29,-3.27,-10.43
7.53,-3.50,-10.46
6.86,-3.65,-10.34
6.10,-3.95,-10.26
5.27,-4.16,-10.02
4.36,-4.50,-9.85
3.57,-4.71,-9.61
2.71,-4.93,-9.45
1.88,-5.07,-9.32
1.01,-5.22,-9.27
0.10,-5.46,-9.14
-0.79,-5.59,-9.08
-1.74,-5.71,-9.00
-2.78,-5.78,-8.90
-3.80,-5.79,-8.78
-4.81,-6.05,-8.70
-5.84,-6.23,-8.52
-6.69,-6.34,-8.35
-7.68,-6.39,-8.14
-8.53,-6.53,-8.00
-9.49,-6.65,-7.91
-10.38,-6.82,-7.84
-11.28,-6.79,-7.78
-12.18,-6.90,-7.75
-12.99,-6.91,-7.70
-13.90,-7.04,-7.66
-14.78,-7.09,-7.63
-15.58,-7.13,-7.50
-16.44,-7.34,-7.43
-17.22,-7.32,-7.26
-17.94,-7.55,-7.18
-18.66,-7.61,-6.99
-19.47,-7.81,-6.82
-20.18,-7.93,-6.66
-20.98,-8.07,-6.57
-21.70,-8.16,-6.44
-22.52,-8.39,-6.32
-23.36,-8.35,-6.21
-24.16,-8.62,-6.13
-24.91,-8.61,-6.01
-25.73,-8.78,-5.88
-26.49,-8.96,-5.69
-27.31,-9.10,-5.54
-28.00,-9.22,-5.40
-28.80,-9.47,-5.26
-29.62,-9.50,-5.17
-30.35,-9.71,-5.11
-31.12,-9.78,-5.06
-31.86,-9.93,-5.00
-32.66,-10.12,-4.94
-33.47,-10.21,-4.74
-34.22,-10.45,-4.61
-34.93,-10.46,-4.46
-35.64,-10.71,-4.31
-36.34,-10.83,-4.12
-37.01,-11.03,-3.98
-37.68,-11.14,-3.88
-38.31,-11.39,-3.69
-39.01,-11.55,-3.65
-39.64,-11.72,-3.54
-40.33,-11.89,-3.53
-40.97,-12.05,-3.41
-41.78,-12.31,-3.28
-42.51,-12.46,-3.10
-43.29,-12.70,-2.97
-44.06,-12.89,-2.69
-44.81,-13.23,-2.54
-45.54,-13.35,-2.34
-46.29,-13.69,-2.23
-46.98,-13.73,-2.13
-47.68,-14.05,-2.07
-48.36,-14.10,-1.97
-49.07,-14.50,-1.84
-49.75,-14.55,-1.73
-50.47,-14.87,-1.64
-51.15,-14.98,-1.47
-51.93,-15.29,-1.34
-52.73,-15.36,-1.20
-53.49,-15.56,-1.09
-54.25,-15.76,-0.94
-55.11,-15.85,-0.84
-56.03,-16.05,-0.79
-56.85,-16.08,-0.75
-57.75,-16.20,-0.71
-58.64,-16.30,-0.71
-59.45,-16.33,-0.62
-60.27,-16.44,-0.59
-61.04,-16.57,-0.43
-61.88,-16.72,-0.38
-62.60,-16.77,-0.28
-63.33,-16.97,-0.29
-64.08,-17.04,-0.23
-64.75,-17.19,-0.22
-65.56,-17.29,-0.19
-66.23,-17.35,-0.20
-67.03,-17.47,-0.22
-67.75,-17.48,-0.18
-68.52,-17.61,-0.20
-69.26,-17.62,-0.14
-70.06,-17.77,-0.14
-70.79,-17.93,-0.08
-71.47,-18.03,-0.05
-72.15,-18.14,0.00
-72.84,-18.27,0.07
-73.49,-18.36,0.11
-74.11,-18.53,0.14
-74.72,-18.55,0.14
-75.31,-18.72,0.11
-75.84,-18.76,0.12
-76.46,-18.91,0.06
-77.05,-18.95,0.05
-77.65,-19.10,0.02
-78.19,-19.10,0.04
-78.79,-19.25,0.05
-79.31,-19.37,0.15
-79.82,-19.45,0.29
-80.34,-19.69,0.37
-80.85,-19.75,0.47
-81.35,-19.84,0.53
-81.77,-20.05,0.57
-82.15,-20.15,0.62
-82.53,-20.27,0.71
-82.94,-20.48,0.72
-83.33,-20.60,0.80
-83.67,-20.69,0.86
-84.06,-20.79,0.90
-84.50,-20.91,0.96
-84.91,-21.00,1.01
-85.42,-21.16,1.10
-85.94,-21.26,1.15
-86.25,-21.35,1.16
-86.56,-21.39,1.17
-86.84,-21.55,1.10
-87.14,-21.58,1.06
-87.38,-21.64,1.03
-87.60,-21.69,1.05
-87.96,-21.80,1.06
-88.29,-21.92,1.09
-88.71,-21.97,1.17
-89.02,-22.05,1.25
-89.37,-22.14,1.24
-89.65,-22.24,1.22
-89.87,-22.26,1.19
-90.02,-22.30,1.13
-90.16,-22.36,1.06
-90.31,-22.47,0.97
-90.43,-22.61,0.93
-90.50,-22.70,0.93
-90.60,-22.80,0.98
-90.50,-22.93,1.04
-90.45,-23.08,1.16
-90.61,-23.15,1.23
-90.77,-23.22,1.29
-90.93,-23.28,1.38
-91.03,-23.36,1.42
-91.14,-23.44,1.44
-91.20,-23.50,1.45
-91.32,-23.53,1.45
-91.39,-23.58,1.41
-91.43,-23.61,1.35
-91.45,-23.64,1.29
-91.39,-23.66,1.20
-91.21,-23.63,1.17
-91.06,-23.64,1.16
-90.92,-23.68,1.15
-90.79,-23.74,1.16
-90.74,-23.81,1.18
-90.62,-23.88,1.19
-90.56,-23.91,1.20
-90.51,-23.91,1.19
-90.47,-23.90,1.17
-90.42,-23.90,1.16
-90.34,-23.87,1.13
-90.29,-23.85,1.09
-90.19,-23.80,1.01
-90.00,-23.75,0.97
-89.84,-23.64,0.95
-89.72,-23.57,0.92
-89.62,-23.48,0.86
-89.47,-23.44,0.80
-89.21,-23.42,0.70
-88.96,-23.32,0.57
-88.81,-23.21,0.49
-88.77,-23.14,0.43
-88.80,-23.02,0.33
-88.79,-22.96,0.23
-88.63,-22.90,0.05
-88.50,-22.81,-0.14
-88.32,-22.62,-0.38
-88.03,-22.59,-0.63
-87.90,-22.48,-0.84
-87.80,-22.43,-0.97
-87.69,-22.37,-1.10
-87.64,-22.34,-1.21
-87.59,-22.32,-1.32
-87.55,-22.20,-1.50
-87.36,-22.14,-1.69
-87.25,-22.09,-1.77
-87.16,-22.06,-1.82
-87.06,-22.05,-1.88
-86.99,-21.97,-2.00
-86.80,-21.94,-2.13
-86.66,-21.92,-2.24
-86.49,-21.90,-2.23
-86.36,-21.93,-2.20
-86.30,-21.97,-2.17
-86.23,-22.02,-2.16
-86.22,-22.05,-2.17
-86.16,-22.05,-2.27
-85.99,-22.02,-2.43
-85.87,-22.00,-2.55
-85.79,-21.95,-2.71
-85.75,-21.94,-2.94
-85.69,-21.91,-3.26
-85.81,-21.73,-3.63
-85.90,-21.56,-3.94
-85.92,-21.46,-4.19
-85.95,-21.41,-4.34
-85.96,-21.40,-4.41
-85.98,-21.40,-4.42
-86.02,-21.39,-4.39
-86.09,-21.40,-4.34
-86.17,-21.42,-4.28
-86.22,-21.41,-4.20
-86.23,-21.41,-4.18
-86.22,-21.41,-4.27
-86.20,-21.29,-4.42
-86.17,-21.24,-4.64
-86.09,-21.19,-4.91
-86.02,-21.05,-5.17
-85.87,-21.00,-5.32
-85.71,-20.98,-5.35
-85.70,-21.04,-5.28
-85.68,-21.12,-5.18
-85.63,-21.19,-5.12
-85.48,-21.24,-5.12
-85.31,-21.31,-5.17
-85.22,-21.34,-5.20
-85.24,-21.34,-5.28
-85.25,-21.26,-5.44
-85.32,-21.17,-5.74
-85.31,-21.17,-6.10
-85.35,-21.12,-6.33
-85.45,-20.99,-6.49
-85.54,-20.96,-6.55
-85.60,-20.99,-6.58
-85.62,-21.05,-6.56
-85.63,-21.14,-6.48
-85.56,-21.38,-6.35
-85.55,-21.47,-6.22
-85.53,-21.56,-6.16
-85.55,-21.61,-6.14
-85.53,-21.62,-6.20
-85.57,-21.63,-6.28
-85.61,-21.62,-6.40
-85.62,-21.64,-6.56
-85.63,-21.57,-6.78
-85.62,-21.61,-7.02
-85.64,-21.66,-7.21
-85.71,-21.59,-7.32
-85.73,-21.63,-7.34
-85.68,-21.74,-7.26
-85.63,-21.79,-7.17
-85.60,-21.82,-7.02
-85.58,-21.87,-6.84
-85.47,-22.00,-6.68
-85.32,-22.07,-6.61
-85.24,-22.13,-6.60
-85.19,-22.17,-6.62
-85.13,-22.21,-6.65
-85.04,-22.32,-6.69
-84.92,-22.38,-6.67
-84.69,-22.44,-6.63
-84.54,-22.54,-6.59
-84.49,-22.62,-6.52
-84.43,-22.71,-6.47
-84.36,-22.84,-6.41
-84.30,-22.91,-6.35
-84.20,-22.95,-6.30
-84.15,-23.05,-6.32
-84.06,-23.10,-6.35
-83.92,-23.13,-6.38
-83.75,-23.11,-6.40
-83.54,-23.18,-6.44
-83.43,-23.25,-6.45
-83.34,-23.32,-6.46
-83.27,-23.40,-6.51
-83.25,-23.42,-6.52
-83.27,-23.44,-6.52
-83.28,-23.45,-6.51
-83.35,-23.40,-6.50
-83.45,-23.36,-6.54
-83.58,-23.25,-6.66
-83.72,-23.18,-6.82
-83.81,-23.12,-7.00
-83.87,-23.08,-7.14
-83.91,-23.06,-7.33
-83.89,-23.00,-7.46
-83.91,-22.99,-7.53
-83.94,-22.96,-7.57
-83.99,-22.95,-7.59
-84.04,-22.95,-7.59
-84.09,-22.94,-7.59
-84.14,-22.92,-7.61
-84.20,-22.85,-7.67
-84.29,-22.74,-7.77
-84.37,-22.61,-7.84
-84.48,-22.57,-7.94
-84.57,-22.52,-8.01
-84.66,-22.49,-8.06
-84.74,-22.47,-8.10
-84.80,-22.47,-8.11
-84.84,-22.47,-8.12
-84.87,-22.48,-8.12
-84.87,-22.56,-8.15
-84.88,-22.56,-8.16
-84.90,-22.57,-8.19
-84.91,-22.54,-8.28
-84.96,-22.43,-8.42
-84.94,-22.38,-8.59
-84.97,-22.36,-8.76
-84.96,-22.37,-8.90
-84.95,-22.32,-9.01
-84.88,-22.31,-9.05
-84.82,-22.35,-9.06
-84.76,-22.41,-9.02
-84.68,-22.53,-8.92
-84.65,-22.60,-8.85
-84.62,-22.65,-8.80
-84.61,-22.69,-8.79
-84.62,-22.71,-8.84
-84.62,-22.79,-8.93
-84.65,-22.82,-9.01
-84.66,-22.85,-9.06
-84.65,-22.90,-9.07
-84.63,-22.95,-9.05
-84.62,-23.00,-9.00
-84.61,-23.06,-8.94
-84.54,-23.12,-8.86
-84.56,-23.20,-8.75
-84.54,-23.22,-8.65
-84.49,-23.30,-8.59
-84.50,-23.32,-8.58
-84.56,-23.25,-8.64
-84.66,-23.20,-8.72
-84.72,-23.18,-8.88
-84.85,-23.17,-9.01
-84.97,-23.08,-9.06
-85.00,-23.04,-9.09
-85.00,-23.09,-9.13
-85.06,-22.99,-9.08
-85.08,-22.98,-9.06
-85.06,-22.99,-9.02
-85.01,-22.98,-9.00
-84.94,-22.97,-9.01
-84.87,-22.96,-9.04
-84.78,-23.02,-9.11
-84.73,-23.01,-9.15
-84.72,-22.98,-9.18
-84.77,-22.93,-9.25
-84.81,-22.83,-9.27
-84.84,-22.78,-9.32
-84.82,-22.72,-9.36
-84.81,-22.70,-9.36
-84.77,-22.70,-9.35
-84.77,-22.73,-9.28
-84.73,-22.75,-9.22
-84.68,-22.72,-9.14
-84.66,-22.72,-9.15
-84.64,-22.72,-9.20
-84.58,-22.80,-9.32
-84.59,-22.75,-9.38
-84.62,-22.70,-9.44
-84.70,-22.65,-9.47
-84.79,-22.60,-9.50
-84.87,-22.56,-9.54
-84.94,-22.54,-9.57
-84.97,-22.52,-9.60
-84.97,-22.50,-9.64
-85.02,-22.40,-9.70
-85.03,-22.40,-9.74
-85.04,-22.40,-9.81
-85.02,-22.39,-9.92
-85.02,-22.39,-10.07
-85.02,-22.45,-10.28
-85.07,-22.39,-10.48
-85.05,-22.44,-10.66
-85.02,-22.46,-10.76
-84.99,-22.43,-10.80
-84.97,-22.46,-10.83
-84.97,-22.47,-10.84
-84.97,-22.50,-10.86
-84.97,-22.52,-10.91
-84.98,-22.52,-11.00
-85.01,-22.46,-11.14
-84.95,-22.52,-11.31
-84.92,-22.52,-11.42
-84.87,-22.59,-11.53
-84.83,-22.61,-11.62
-84.72,-22.66,-11.74
-84.67,-22.56,-11.85
-84.61,-22.57,-11.95
-84.53,-22.60,-12.03
-84.50,-22.63,-12.06
-84.49,-22.67,-12.08
-84.48,-22.70,-12.10
-84.46,-22.71,-12.13
-84.44,-22.72,-12.16
-84.43,-22.73,-12.18
-84.42,-22.74,-12.19
-84.42,-22.78,-12.16
-84.44,-22.81,-12.12
-84.48,-22.83,-12.07
-84.49,-22.84,-12.08
-84.48,-22.84,-12.11
-84.41,-22.84,-12.16
-84.35,-22.85,-12.18
-84.31,-22.85,-12.18
-84.31,-22.87,-12.15
-84.35,-22.89,-12.09
-84.34,-22.91,-12.04
-84.34,-22.90,-12.00
-84.33,-22.91,-11.97
-84.27,-22.93,-11.96
-84.21,-23.00,-11.93
-84.16,-22.99,-11.91
-84.12,-22.99,-11.89
-84.09,-22.98,-11.88
-84.03,-23.02,-11.89
-83.98,-23.03,-11.90
-83.94,-22.95,-11.90
-83.93,-22.84,-11.98
-83.89,-22.78,-12.01
-83.86,-22.71,-12.05
-83.82,-22.66,-12.10
-83.83,-22.60,-12.11
-83.85,-22.48,-12.09
-83.85,-22.44,-12.05
-83.89,-22.40,-11.98
-83.89,-22.42,-11.89
-83.92,-22.38,-11.78
-83.90,-22.38,-11.62
-83.94,-22.37,-11.49
-84.00,-22.32,-11.32
-84.06,-22.38,-11.19
-84.02,-22.39,-11.10
-83.93,-22.46,-11.01
-83.86,-22.46,-10.96
-83.78,-22.44,-10.93
-83.68,-22.48,-10.90
-83.59,-22.48,-10.84
-83.49,-22.49,-10.78
-83.43,-22.44,-10.69
-83.43,-22.42,-10.59
-83.39,-22.38,-10.52
-83.29,-22.34,-10.47
-83.19,-22.31,-10.46
-83.09,-22.29,-10.43
-82.98,-22.27,-10.43
-82.83,-22.23,-10.43
-82.59,-22.19,-10.41
-82.32,-22.07,-10.36
-82.10,-22.04,-10.35
-81.79,-22.08,-10.41
-81.55,-22.02,-10.46
-81.21,-21.96,-10.56
-80.89,-21.80,-10.59
-80.49,-21.86,-10.71
-80.16,-21.78,-10.78
-79.79,-21.73,-10.83
-79.33,-21.59,-10.89
-78.95,-21.53,-10.92
-78.49,-21.49,-10.90
-77.90,-21.44,-10.84
-77.35,-21.51,-10.81
-76.72,-21.48,-10.80
-76.12,-21.42,-10.80
-75.48,-21.30,-10.90
-74.79,-21.18,-11.00
-74.06,-21.14,-11.13
-73.29,-20.99,-11.24
-72.51,-20.94,-11.38
-71.76,-20.81,-11.52
-70.94,-20.66,-11.58
-70.23,-20.58,-11.62
-69.50,-20.37,-11.61
-68.75,-20.37,-11.65
-68.02,-20.15,-11.60
-67.25,-20.15,-11.69
-66.48,-20.05,-11.68
-65.64,-19.90,-11.69
-64.81,-19.85,-11.75
-63.94,-19.62,-11.80
-63.06,-19.47,-11.88
-62.18,-19.34,-11.91
-61.21,-19.22,-11.97
-60.28,-19.01,-11.99
-59.29,-19.02,-12.07
-58.29,-18.99,-12.09
-57.20,-18.95,-12.12
-56.17,-18.89,-12.08
-55.15,-18.94,-12.08
-54.13,-18.78,-11.93
-53.06,-18.75,-11.91
-51.97,-18.81,-11.86
-51.00,-18.83,-11.94
-49.99,-18.72,-11.98
-48.92,-18.56,-11.94
-47.93,-18.45,-11.95
-46.84,-18.52,-11.99
-45.72,-18.51,-12.04
-44.67,-18.50,-12.04
-43.58,-18.47,-12.08
-42.57,-18.53,-12.16
-41.62,-18.42,-12.10
-40.71,-18.30,-12.08
-39.87,-18.36,-12.12
-39.03,-18.38,-12.04
-38.29,-18.29,-12.01
-37.51,-18.30,-11.94
-36.80,-18.16,-11.76
-36.13,-18.11,-11.75
-35.40,-18.02,-11.71
-34.76,-17.95,-11.71
-34.00,-17.83,-11.74
-33.33,-17.74,-11.79
-32.53,-17.62,-11.86
-31.86,-17.52,-11.90
-31.12,-17.42,-11.93
-30.40,-17.37,-12.00
-29.75,-17.09,-11.90
-29.08,-17.07,-11.97
-28.45,-16.89,-11.96
-27.85,-16.77,-11.99
-27.20,-16.63,-12.01
-26.65,-16.51,-12.04
-25.95,-16.35,-12.11
-25.24,-16.26,-12.22
-24.49,-16.06,-12.33
-23.77,-16.07,-12.47
-22.96,-15.80,-12.54
-22.18,-15.83,-12.66
-21.34,-15.62,-12.72
-20.59,-15.59,-12.77
-19.75,-15.48,-12.87
-18.97,-15.31,-12.90
-18.16,-15.17,-12.91
-17.33,-15.17,-12.97
-16.57,-15.06,-13.06
-15.69,-14.98,-13.11
-14.84,-15.01,-13.25
-13.96,-14.93,-13.34
-13.17,-14.74,-13.49
-12.31,-14.68,-13.59
-11.44,-14.62,-13.70
-10.66,-14.49,-13.76
-9.83,-14.42,-13.83
-9.06,-14.46,-13.89
-8.30,-14.20,-13.91
-7.49,-14.28,-13.96
-6.73,-14.03,-14.01
-5.98,-14.03,-14.09
-5.10,-13.92,-14.09
-4.25,-13.97,-14.20
-3.48,-13.71,-14.26
-2.66,-13.75,-14.35
-1.81,-13.76,-14.48
-1.04,-13.56,-14.52
-0.26,-13.57,-14.68
0.56,-13.57,-14.73
1.32,-13.46,-14.80
2.19,-13.45,-14.83
3.03,-13.56,-14.90
3.87,-13.40,-14.88
4.68,-13.44,-14.92
5.57,-13.46,-14.95
6.47,-13.47,-14.90
7.23,-13.36,-14.94
8.05,-13.36,-14.96
8.88,-13.48,-15.04
9.63,-13.31,-15.01
10.35,-13.39,-15.06
11.11,-13.36,-15.11
11.74,-13.28,-15.16
12.49,-13.25,-15.21
13.09,-13.15,-15.27
13.74,-13.13,-15.29
14.34,-13.01,-15.34
14.93,-13.04,-15.32
15.52,-12.89,-15.30
16.14,-12.94,-15.40
16.84,-12.92,-15.47
17.46,-12.83,-15.55
18.18,-12.93,-15.66
18.84,-12.78,-15.65
19.57,-12.90,-15.73
20.29,-12.96,-15.71
20.86,-12.95,-15.66
21.57,-13.08,-15.59
22.17,-12.94,-15.49
22.87,-13.03,-15.48
23.48,-13.02,-15.47
24.16,-13.06,-15.51
24.82,-13.15,-15.54
25.36,-13.09,-15.54
25.97,-13.15,-15.57
26.43,-13.07,-15.57
26.91,-13.06,-15.56
27.44,-13.10,-15.54
27.85,-12.92,-15.50
28.42,-13.16,-15.47
28.84,-13.04,-15.37
29.35,-13.26,-15.33
29.84,-13.25,-15.17
30.41,-13.49,-15.10
30.81,-13.33,-14.95
31.46,-13.64,-14.78
31.91,-13.72,-14.62
32.37,-13.79,-14.45
32.88,-13.96,-14.36
33.21,-13.88,-14.23
33.75,-14.14,-14.13
34.13,-14.12,-14.01
34.43,-14.16,-13.91
34.82,-14.34,-13.82
35.11,-14.29,-13.66
35.42,-14.23,-13.50
35.68,-14.24,-13.44
36.03,-14.36,-13.43
36.28,-14.29,-13.33
36.55,-14.24,-13.26
36.83,-14.33,-13.18
37.16,-14.47,-13.16
37.41,-14.38,-13.10
37.64,-14.30,-13.08
37.86,-14.29,-13.07
38.08,-14.27,-13.08
38.30,-14.20,-13.11
38.56,-14.23,-13.07
38.72,-14.12,-13.03
38.89,-14.07,-13.00
39.09,-14.02,-12.95
39.31,-14.05,-12.90
39.56,-14.18,-12.88
39.75,-14.13,-12.84
39.99,-14.03,-12.81
40.18,-13.98,-12.81
40.41,-13.98,-12.81
40.67,-14.10,-12.82
40.81,-14.09,-12.80
40.90,-14.10,-12.70
40.95,-13.97,-12.56
41.17,-14.05,-12.41
41.33,-13.99,-12.37
41.49,-13.91,-12.35
41.63,-13.89,-12.33
41.79,-13.87,-12.32
41.96,-13.99,-12.34
42.05,-13.96,-12.33
42.15,-13.92,-12.35
42.29,-13.85,-12.38
42.48,-13.73,-12.42
42.63,-13.68,-12.46
42.80,-13.68,-12.46
42.98,-13.69,-12.45
43.18,-13.90,-12.42
43.31,-13.93,-12.35
43.46,-13.96,-12.26
43.65,-13.99,-12.13
43.83,-14.02,-11.86
43.97,-14.16,-11.67
44.14,-14.41,-11.54
44.28,-14.49,-11.43
44.41,-14.50,-11.42
44.55,-14.50,-11.43
44.67,-14.53,-11.39
44.78,-14.49,-11.36
44.86,-14.51,-11.34
44.87,-14.50,-11.32
44.83,-14.49,-11.31
44.82,-14.48,-11.29
44.90,-14.51,-11.25
45.01,-14.54,-11.20
45.18,-14.66,-11.08
45.25,-14.70,-11.02
45.33,-14.76,-10.95
45.38,-14.80,-10.86
45.36,-14.88,-10.75
45.32,-14.93,-10.68
45.28,-14.97,-10.62
45.23,-15.02,-10.56
45.06,-15.13,-10.45
44.72,-15.10,-10.25
44.50,-15.16,-10.12
44.28,-15.12,-9.98
44.13,-15.28,-9.87
43.94,-15.32,-9.83
43.54,-15.16,-9.85
43.31,-15.18,-9.84
43.13,-15.19,-9.84
42.92,-15.23,-9.83
42.64,-15.22,-9.81
42.27,-15.24,-9.74
41.83,-15.27,-9.62
41.40,-15.14,-9.49
41.10,-15.17,-9.34
40.82,-15.29,-9.20
40.58,-15.22,-9.01
40.41,-15.32,-8.84
40.27,-15.33,-8.76
40.12,-15.38,-8.74
40.02,-15.38,-8.74
39.94,-15.36,-8.75
39.87,-15.38,-8.79
39.80,-15.39,-8.80
39.65,-15.39,-8.78
39.36,-15.25,-8.71
39.02,-15.26,-8.62
38.72,-15.23,-8.52
38.47,-15.14,-8.44
38.40,-15.09,-8.44
38.41,-15.02,-8.50
38.43,-14.96,-8.58
38.43,-14.88,-8.65
38.46,-14.75,-8.74
38.49,-14.67,-8.81
38.56,-14.62,-8.84
38.62,-14.58,-8.85
38.78,-14.67,-8.87
38.90,-14.62,-8.85
39.00,-14.58,-8.82
39.08,-14.54,-8.78
39.07,-14.51,-8.73
39.03,-14.51,-8.68
38.97,-14.49,-8.66
38.83,-14.29,-8.64
38.70,-14.20,-8.64
38.62,-14.16,-8.65
38.57,-14.12,-8.67
38.55,-14.10,-8.68
38.57,-14.10,-8.69
38.65,-14.12,-8.68
38.81,-14.18,-8.66
39.02,-14.30,-8.68
39.17,-14.31,-8.70
39.31,-14.33,-8.74
39.46,-14.30,-8.77
39.51,-14.30,-8.81
39.52,-14.31,-8.83
39.48,-14.32,-8.84
39.34,-14.38,-8.85
39.22,-14.41,-8.81
39.12,-14.44,-8.76
39.05,-14.47,-8.74
38.97,-14.54,-8.73
38.93,-14.56,-8.74
38.93,-14.57,-8.78
38.94,-14.57,-8.87
38.95,-14.57,-9.00
38.96,-14.57,-9.10
38.99,-14.59,-9.33
39.00,-14.56,-9.46
38.99,-14.58,-9.56
38.92,-14.61,-9.63
38.83,-14.69,-9.70
38.77,-14.71,-9.74
38.73,-14.72,-9.80
38.65,-14.71,-9.88
38.54,-14.54,-9.98
38.44,-14.53,-10.17
38.43,-14.50,-10.26
38.41,-14.45,-10.35
38.36,-14.41,-10.44
38.27,-14.31,-10.54
38.14,-14.28,-10.60
37.98,-14.32,-10.65
37.82,-14.31,-10.69
37.67,-14.32,-10.72
37.53,-14.32,-10.74
37.38,-14.21,-10.75
37.30,-14.19,-10.81
37.17,-14.22,-10.98
37.05,-14.13,-11.18
36.95,-14.15,-11.35
36.88,-14.13,-11.50
36.82,-14.08,-11.63
36.80,-14.01,-11.75
36.82,-14.02,-11.79
36.84,-14.02,-11.83
36.84,-14.02,-11.93
36.88,-14.03,-11.96
36.94,-14.10,-12.05
36.95,-14.11,-12.12
36.95,-14.11,-12.18
36.95,-14.10,-12.26
36.93,-14.07,-12.35
36.89,-14.00,-12.49
36.83,-13.98,-12.65
36.76,-13.99,-12.82
36.65,-14.04,-12.99
36.51,-14.03,-13.09
36.31,-14.06,-13.14
36.14,-14.15,-13.12
35.98,-14.14,-13.05
35.94,-14.20,-13.02
35.93,-14.25,-13.00
35.93,-14.30,-12.99
35.92,-14.34,-13.00
35.97,-14.45,-13.04
35.91,-14.34,-13.09
35.84,-14.34,-13.24
35.83,-14.32,-13.34
35.93,-14.41,-13.44
36.01,-14.40,-13.52
36.05,-14.42,-13.55
36.04,-14.44,-13.53
36.02,-14.48,-13.48
35.99,-14.53,-13.41
35.97,-14.57,-13.34
35.99,-14.61,-13.29
36.08,-14.68,-13.23
36.14,-14.70,-13.23
36.21,-14.67,-13.23
36.23,-14.69,-13.23
36.25,-14.69,-13.22
36.27,-14.70,-13.20
36.27,-14.69,-13.22
36.26,-14.68,-13.23
36.27,-14.66,-13.26
36.29,-14.57,-13.30
36.28,-14.54,-13.35
36.20,-14.58,-13.37
36.13,-14.55,-13.36
35.98,-14.51,-13.37
35.79,-14.37,-13.38
35.68,-14.33,-13.39
35.62,-14.29,-13.40
35.60,-14.26,-13.40
35.60,-14.24,-13.39
35.59,-14.23,-13.35
35.55,-14.23,-13.30
35.50,-14.25,-13.23
35.41,-14.23,-13.16
35.46,-14.29,-13.11
35.55,-14.24,-13.10
35.63,-14.15,-13.12
35.71,-14.12,-13.12
35.79,-14.05,-13.07
35.88,-14.07,-13.01
35.99,-14.08,-12.96
36.10,-14.08,-12.92
36.13,-14.06,-12.89
36.15,-14.06,-12.85
36.18,-14.01,-12.74
36.24,-14.10,-12.71
36.23,-14.09,-12.69
36.16,-14.00,-12.65
36.09,-13.95,-12.66
36.03,-13.89,-12.71
35.95,-13.79,-12.81
35.93,-13.80,-12.85
35.87,-13.70,-12.84
35.83,-13.65,-12.81
35.81,-13.63,-12.78
35.83,-13.62,-12.68
35.85,-13.62,-12.64
35.87,-13.61,-12.61
35.89,-13.59,-12.61
35.93,-13.56,-12.63
35.95,-13.51,-12.67
35.99,-13.46,-12.73
36.00,-13.36,-12.88
36.05,-13.35,-12.96
36.06,-13.31,-13.01
36.07,-13.28,-13.01
36.10,-13.27,-12.98
36.13,-13.25,-12.89
36.19,-13.29,-12.74
36.21,-13.36,-12.63
36.23,-13.37,-12.54
36.25,-13.38,-12.48
36.26,-13.39,-12.45
36.27,-13.34,-12.41
36.26,-13.37,-12.47
36.27,-13.35,-12.52
36.30,-13.34,-12.55
36.33,-13.34,-12.55
36.35,-13.34,-12.55
36.33,-13.35,-12.54
36.29,-13.37,-12.51
36.26,-13.39,-12.50
36.26,-13.38,-12.49
36.32,-13.33,-12.46
36.36,-13.34,-12.45
36.45,-13.39,-12.43
36.60,-13.50,-12.43
36.70,-13.52,-12.45
36.80,-13.54,-12.45
36.87,-13.54,-12.44
36.93,-13.57,-12.44
36.98,-13.58,-12.44
37.03,-13.59,-12.44
37.08,-13.58,-12.48
37.17,-13.55,-12.52
37.27,-13.53,-12.57
37.36,-13.53,-12.60
37.46,-13.53,-12.64
37.49,-13.54,-12.67
37.49,-13.52,-12.68
37.48,-13.51,-12.68
37.44,-13.48,-12.68
37.40,-13.46,-12.69
37.33,-13.44,-12.68
37.27,-13.44,-12.65
37.21,-13.44,-12.61
37.16,-13.46,-12.57
37.15,-13.47,-12.53
37.17,-13.48,-12.52
37.22,-13.49,-12.54
37.28,-13.50,-12.56
37.40,-13.53,-12.59
37.49,-13.54,-12.62
37.56,-13.55,-12.65
37.64,-13.67,-12.66
37.66,-13.67,-12.64
37.67,-13.70,-12.61
37.65,-13.72,-12.57
37.64,-13.74,-12.50
37.61,-13.78,-12.42
37.53,-13.77,-12.31
37.48,-13.81,-12.24
37.47,-13.87,-12.18
37.54,-14.00,-12.17
37.58,-14.01,-12.17
37.61,-14.03,-12.19
37.64,-14.03,-12.24
37.67,-14.03,-12.27
37.70,-14.04,-12.30
37.71,-14.05,-12.33
37.68,-14.05,-12.35
37.64,-14.06,-12.35
37.59,-14.08,-12.33
37.54,-14.12,-12.29
37.51,-14.15,-12.25
37.50,-14.18,-12.21
37.51,-14.19,-12.19
37.50,-14.18,-12.21
37.48,-14.17,-12.24
37.41,-14.06,-12.24
37.40,-14.05,-12.26
37.40,-14.03,-12.28
37.41,-14.03,-12.30
37.47,-14.11,-12.32
37.54,-14.08,-12.34
37.63,-14.08,-12.33
37.71,-14.08,-12.33
37.76,-14.07,-12.32
37.81,-14.05,-12.32
37.84,-14.05,-12.33
37.85,-14.03,-12.33
37.80,-14.02,-12.33
37.72,-14.03,-12.31
37.65,-14.01,-12.30
37.62,-13.98,-12.31
37.62,-13.96,-12.32
37.63,-13.89,-12.38
37.60,-13.84,-12.42
37.53,-13.72,-12.44
37.49,-13.68,-12.46
37.46,-13.67,-12.49
37.43,-13.64,-12.53
37.45,-13.62,-12.59
37.51,-13.61,-12.65
37.61,-13.69,-12.73
37.66,-13.69,-12.77
37.69,-13.68,-12.77
37.73,-13.68,-12.75
37.74,-13.69,-12.70
37.72,-13.67,-12.64
37.71,-13.69,-12.57
37.71,-13.69,-12.50
37.72,-13.68,-12.43
37.72,-13.69,-12.38
37.72,-13.71,-12.35
37.70,-13.70,-12.34
37.67,-13.67,-12.38
37.59,-13.55,-12.43
37.53,-13.47,-12.51
37.48,-13.43,-12.59
37.45,-13.39,-12.64
37.44,-13.38,-12.66
37.46,-13.39,-12.65
37.49,-13.42,-12.61
37.53,-13.47,-12.57
37.58,-13.51,-12.50
37.66,-13.65,-12.43
37.68,-13.70,-12.38
37.71,-13.74,-12.36
37.70,-13.74,-12.38
37.67,-13.74,-12.43
37.62,-13.72,-12.50
37.51,-13.60,-12.54
37.45,-13.55,-12.58
37.33,-13.51,-12.60
37.24,-13.50,-12.59
37.15,-13.50,-12.55
37.10,-13.51,-12.53
37.09,-13.53,-12.52
37.12,-13.55,-12.52
37.15,-13.59,-12.52
37.18,-13.61,-12.53
37.21,-13.66,-12.51
37.24,-13.71,-12.49
37.24,-13.74,-12.47
37.21,-13.76,-12.47
37.17,-13.73,-12.49
37.13,-13.70,-12.54
37.10,-13.67,-12.59
37.07,-13.64,-12.64
37.01,-13.62,-12.68
36.95,-13.61,-12.70
36.92,-13.59,-12.68
36.94,-13.58,-12.66
36.96,-13.56,-12.65
36.99,-13.55,-12.63
37.03,-13.55,-12.61
37.09,-13.54,-12.59
37.16,-13.53,-12.57
37.23,-13.52,-12.57
37.26,-13.50,-12.57
37.27,-13.47,-12.59
37.28,-13.41,-12.63
37.27,-13.36,-12.68
37.23,-13.31,-12.72
37.18,-13.24,-12.76
37.11,-13.19,-12.79
37.08,-13.15,-12.83
37.07,-13.11,-12.87
37.09,-13.08,-12.91
37.15,-13.06,-12.96
37.22,-13.03,-13.00
37.27,-13.02,-13.08
37.34,-13.03,-13.09
37.42,-13.06,-13.09
37.50,-13.07,-13.03
37.56,-13.11,-13.03
37.62,-13.15,-13.01
37.66,-13.17,-12.97
37.73,-13.30,-12.94
37.76,-13.35,-12.89
37.78,-13.41,-12.82
37.75,-13.50,-12.73
37.71,-13.54,-12.66
37.61,-13.48,-12.62
37.55,-13.49,-12.61
37.49,-13.49,-12.60
37.45,-13.47,-12.60
37.43,-13.47,-12.61
37.43,-13.46,-12.62
37.45,-13.48,-12.61
37.50,-13.50,-12.58
37.55,-13.54,-12.55
37.66,-13.67,-12.52
37.72,-13.70,-12.49
37.77,-13.72,-12.47
37.83,-13.75,-12.46
37.88,-13.77,-12.44
37.91,-13.75,-12.41
37.92,-13.78,-12.38
37.87,-13.85,-12.30
37.81,-13.87,-12.24
37.73,-13.93,-12.20
37.65,-13.88,-12.15
37.61,-13.87,-12.11
37.61,-13.87,-12.02
37.60,-13.88,-12.01
37.60,-13.88,-12.02
37.61,-13.89,-12.03
37.59,-13.90,-12.10
37.62,-13.98,-12.15
37.61,-14.02,-12.19
37.60,-14.03,-12.17
37.55,-14.01,-12.12
37.52,-14.07,-11.98
37.47,-14.15,-11.85
37.37,-14.19,-11.66
37.36,-14.28,-11.53
37.41,-14.43,-11.40
37.42,-14.55,-11.25
37.42,-14.67,-11.15
37.42,-14.76,-11.11
37.43,-14.82,-11.09
37.42,-14.87,-11.11
37.40,-14.91,-11.11
37.36,-14.96,-11.11
37.28,-15.07,-11.11
37.24,-15.13,-11.07
37.21,-15.19,-11.02
37.16,-15.19,-10.96
37.18,-15.24,-10.87
37.18,-15.30,-10.86
37.19,-15.36,-10.83
37.21,-15.39,-10.85
37.20,-15.42,-10.87
37.19,-15.41,-10.96
37.20,-15.47,-10.99
37.17,-15.46,-11.01
37.10,-15.44,-11.04
37.04,-15.41,-11.06
36.99,-15.38,-11.07
36.89,-15.26,-11.06
36.83,-15.22,-11.07
36.78,-15.19,-11.09
36.73,-15.15,-11.11
36.72,-15.14,-11.14
36.73,-15.12,-11.18
36.74,-15.11,-11.23
36.79,-15.09,-11.28
36.81,-15.08,-11.33
36.83,-15.05,-11.36
36.84,-15.03,-11.38
36.84,-15.01,-11.37
36.82,-15.00,-11.35
36.73,-14.97,-11.31
36.67,-14.94,-11.26
36.60,-14.93,-11.21
36.52,-14.90,-11.17
36.45,-14.89,-11.15
36.39,-14.87,-11.15
36.36,-14.84,-11.17
36.32,-14.79,-11.23
36.27,-14.70,-11.33
36.16,-14.62,-11.39
36.07,-14.50,-11.42
36.05,-14.45,-11.47
36.04,-14.38,-11.53
36.03,-14.37,-11.63
36.06,-14.32,-11.71
36.05,-14.28,-11.88
36.01,-14.27,-11.96
35.92,-14.23,-11.99
35.82,-14.21,-12.00
35.72,-14.20,-11.99
35.61,-14.20,-11.95
35.45,-14.19,-11.91
35.31,-14.21,-11.86
35.20,-14.22,-11.80
35.07,-14.16,-11.71
34.99,-14.16,-11.67
34.87,-14.17,-11.66
34.73,-14.19,-11.65
34.60,-14.26,-11.66
34.45,-14.37,-11.68
34.34,-14.46,-11.70
34.20,-14.57,-11.72
34.07,-14.69,-11.73
33.91,-14.80,-11.73
33.71,-14.97,-11.72
33.39,-15.11,-11.69
33.16,-15.31,-11.61
32.88,-15.58,-11.49
32.63,-15.80,-11.38
32.31,-16.11,-11.22
31.98,-16.47,-10.97
31.62,-16.83,-10.82
31.17,-17.12,-10.56
30.73,-17.51,-10.38
30.26,-18.03,-10.16
29.83,-18.41,-9.98
29.26,-18.79,-9.80
28.70,-19.28,-9.68
28.15,-19.79,-9.52
27.50,-20.23,-9.39
26.89,-20.77,-9.22
26.22,-21.37,-9.05
25.53,-21.89,-8.81
24.84,-22.55,-8.56
24.14,-23.19,-8.24
23.46,-23.84,-7.95
22.79,-24.58,-7.70
22.15,-25.33,-7.44
21.48,-26.17,-7.20
20.81,-26.81,-6.95
20.12,-27.66,-6.74
19.49,-28.48,-6.50
18.82,-29.30,-6.33
18.08,-30.04,-6.20
17.43,-30.78,-6.06
16.75,-31.57,-5.96
16.05,-32.42,-5.86
15.39,-33.17,-5.72
14.61,-33.90,-5.60
13.85,-34.77,-5.47
13.14,-35.52,-5.32
12.36,-36.25,-5.21
11.63,-37.11,-5.09
10.94,-37.87,-4.94
10.29,-38.70,-4.75
9.65,-39.57,-4.62
8.95,-40.18,-4.46
8.39,-41.06,-4.36
7.78,-41.81,-4.27
7.16,-42.65,-4.43
6.53,-43.37,-4.59
6.00,-44.01,-4.70
5.44,-44.52,-4.75
4.96,-45.31,-4.96
4.56,-45.90,-5.08
4.10,-46.50,-5.20
3.61,-47.06,-5.38
3.26,-47.69,-5.66
2.83,-48.23,-5.92
2.46,-48.64,-6.18
2.10,-49.21,-6.54
1.72,-49.71,-6.83
1.36,-50.05,-7.03
1.02,-50.59,-7.39
0.75,-50.99,-7.59
0.44,-51.39,-7.78
0.23,-51.92,-8.03
0.04,-52.33,-8.17
-0.18,-52.80,-8.31
-0.42,-53.15,-8.37
-0.64,-53.69,-8.39
-0.88,-54.17,-8.43
-1.14,-54.57,-8.44
-1.38,-55.05,-8.41
-1.60,-55.64,-8.31
-1.90,-56.12,-8.20
-2.15,-56.66,-8.01
-2.50,-57.19,-7.83
-2.84,-57.85,-7.64
-3.17,-58.37,-7.39
-3.46,-58.88,-7.17
-3.77,-59.45,-6.94
-4.14,-59.97,-6.77
-4.48,-60.45,-6.46
-4.88,-60.90,-6.25
-5.25,-61.35,-5.98
-5.74,-61.86,-5.81
-6.16,-62.37,-5.62
-6.65,-62.91,-5.48
-7.11,-63.38,-5.30
-7.56,-63.75,-5.17
-7.93,-64.22,-5.07
-8.30,-64.53,-5.04
-8.58,-64.89,-5.01
-8.83,-65.27,-4.96
-9.07,-65.73,-4.94
-9.24,-66.06,-4.90
-9.38,-66.39,-4.85
-9.54,-66.81,-4.78
-9.61,-67.19,-4.71
-9.72,-67.60,-4.69
-9.75,-67.97,-4.67
-9.74,-68.27,-4.65
-9.71,-68.60,-4.60
-9.79,-68.87,-4.58
-9.97,-69.14,-4.57
-10.11,-69.37,-4.58
-10.21,-69.67,-4.69
-10.23,-69.89,-4.85
-10.16,-70.07,-5.05
-9.97,-70.44,-5.34
-9.79,-70.76,-5.47
-9.63,-71.06,-5.58
-9.43,-71.47,-5.67
-9.32,-71.76,-5.71
-9.22,-72.07,-5.65
-9.13,-72.46,-5.56
-9.04,-72.93,-5.40
-8.91,-73.31,-5.22
-8.84,-73.60,-5.00
-8.76,-73.87,-4.91
-8.62,-74.15,-4.88
-8.41,-74.44,-4.93
-8.22,-74.65,-5.01
-8.15,-74.80,-5.09
-8.11,-75.05,-5.24
-8.09,-75.15,-5.37
-8.08,-75.24,-5.45
-8.05,-75.33,-5.53
-8.02,-75.47,-5.57
-8.02,-75.61,-5.55
-8.00,-75.73,-5.53
-7.95,-75.85,-5.52
-7.92,-75.97,-5.46
-7.94,-76.11,-5.38
-7.91,-76.28,-5.29
-7.86,-76.39,-5.22
-7.83,-76.48,-5.19
-7.82,-76.55,-5.18
-7.83,-76.61,-5.20
-7.82,-76.65,-5.24
-7.83,-76.67,-5.31
-7.89,-76.66,-5.36
-8.04,-76.67,-5.43
-8.16,-76.66,-5.49
-8.31,-76.52,-5.55
-8.42,-76.46,-5.60
-8.64,-76.31,-5.63
-8.79,-76.24,-5.68
-8.94,-76.17,-5.73
-9.13,-76.13,-5.79
-9.42,-76.16,-5.85
-9.65,-76.12,-5.89
-9.84,-76.12,-5.92
-10.00,-76.10,-5.94
-10.08,-76.04,-5.97
-10.14,-76.03,-5.98
-10.22,-76.05,-5.98
-10.26,-76.09,-5.91
-10.32,-76.08,-5.91
-10.39,-75.97,-6.00
-10.40,-75.90,-6.12
-10.41,-75.78,-6.28
-10.44,-75.68,-6.44
-10.44,-75.54,-6.65
-10.40,-75.45,-6.84
-10.33,-75.47,-7.06
-10.26,-75.34,-7.24
-10.18,-75.25,-7.35
-10.12,-75.21,-7.42
-10.09,-75.18,-7.44
-10.09,-75.16,-7.47
-10.11,-75.08,-7.50
-10.11,-75.00,-7.59
-10.13,-74.87,-7.74
-10.12,-74.79,-7.87
-10.13,-74.77,-7.99
-10.13,-74.75,-8.06
-10.13,-74.86,-8.16
-10.14,-74.89,-8.15
-10.17,-74.85,-8.05
-10.15,-74.91,-7.99
-10.10,-74.98,-7.90
-10.06,-75.07,-7.82
-9.97,-75.22,-7.75
-9.92,-75.30,-7.73
-9.86,-75.39,-7.74
-9.82,-75.44,-7.77
-9.83,-75.49,-7.82
-9.87,-75.54,-7.86
-9.93,-75.61,-7.88
-9.97,-75.69,-7.89
-10.00,-75.73,-7.92
-10.03,-75.91,-8.01
-10.07,-75.97,-8.06
-10.02,-76.03,-8.18
-9.98,-76.09,-8.30
-10.00,-76.21,-8.44
-10.01,-76.26,-8.54
-10.03,-76.31,-8.66
-10.10,-76.34,-8.81
-10.21,-76.31,-9.02
-10.25,-76.44,-9.21
-10.24,-76.52,-9.28
-10.16,-76.65,-9.28
-10.11,-76.75,-9.23
-10.12,-76.87,-9.18
-10.08,-77.01,-9.13
-10.07,-77.10,-9.16
-10.06,-77.13,-9.25
-9.95,-77.15,-9.38
-9.85,-77.11,-9.53
-9.78,-77.10,-9.72
-9.74,-77.14,-10.00
-9.68,-77.20,-10.22
-9.68,-77.16,-10.37
-9.74,-77.10,-10.51
-9.81,-77.03,-10.60
-9.89,-76.89,-10.66
-9.91,-76.90,-10.71
-9.90,-76.91,-10.77
-9.89,-76.91,-10.87
-9.86,-76.97,-10.98
-9.86,-77.00,-11.07
-9.79,-77.11,-11.24
-9.67,-77.19,-11.39
-9.56,-77.15,-11.54
-9.47,-77.17,-11.63
-9.39,-77.22,-11.69
-9.32,-77.28,-11.75
-9.31,-77.26,-11.82
-9.33,-77.26,-11.90
-9.35,-77.26,-11.97
-9.37,-77.24,-12.00
-9.40,-77.27,-12.04
-9.42,-77.23,-12.04
-9.47,-77.23,-12.03
-9.51,-77.24,-11.98
-9.51,-77.27,-11.92
-9.45,-77.25,-11.84
-9.40,-77.28,-11.79
-9.34,-77.35,-11.79
-9.29,-77.30,-11.80
-9.21,-77.31,-11.85
-9.09,-77.31,-11.94
-8.98,-77.32,-12.09
-8.97,-77.18,-12.33
-8.97,-77.20,-12.61
-8.95,-77.14,-12.68
-8.93,-77.12,-12.69
-8.90,-77.06,-12.64
-8.92,-77.04,-12.56
-8.97,-77.00,-12.43
-9.04,-76.90,-12.22
-9.07,-76.89,-12.15
-9.08,-76.87,-12.11
-9.12,-76.84,-12.09
-9.07,-76.86,-12.08
-9.02,-76.82,-12.11
-8.93,-76.76,-12.14
-8.84,-76.73,-12.18
-8.74,-76.79,-12.23
-8.68,-76.77,-12.24
-8.66,-76.75,-12.22
-8.65,-76.71,-12.14
-8.65,-76.67,-12.12
-8.70,-76.52,-12.10
-8.73,-76.44,-12.11
-8.78,-76.35,-12.10
-8.82,-76.27,-12.07
-8.83,-76.18,-12.08
-8.82,-76.08,-12.14
-8.79,-76.00,-12.22
-8.73,-75.94,-12.31
-8.65,-75.84,-12.41
-8.56,-75.80,-12.47
-8.45,-75.80,-12.48
-8.30,-75.89,-12.46
-8.25,-75.95,-12.36
-8.22,-75.89,-12.23
-8.27,-75.82,-12.08
-8.25,-75.90,-11.96
-8.26,-75.90,-11.79
-8.33,-75.94,-11.59
-8.41,-75.86,-11.39
-8.43,-75.86,-11.32
-8.40,-75.86,-11.28
-8.37,-75.88,-11.26
-8.32,-75.91,-11.22
-8.24,-75.98,-11.14
-8.19,-76.14,-11.04
-8.14,-76.30,-10.88
-8.13,-76.38,-10.69
-8.12,-76.35,-10.37
-8.17,-76.40,-10.15
-8.28,-76.32,-9.94
-8.39,-76.39,-9.76
-8.48,-76.41,-9.60
-8.56,-76.37,-9.54
-8.61,-76.32,-9.52
-8.64,-76.26,-9.52
-8.67,-76.19,-9.53
-8.72,-76.15,-9.51
-8.73,-76.13,-9.47
-8.72,-76.11,-9.39
-8.75,-76.04,-9.25
-8.79,-76.04,-9.17
-8.84,-76.04,-9.13
-8.78,-76.06,-9.10
-8.73,-76.06,-9.11
-8.66,-76.03,-9.16
-8.63,-75.98,-9.27
-8.65,-76.00,-9.48
-8.71,-75.88,-9.61
-8.76,-75.82,-9.66
-8.84,-75.75,-9.69
-8.88,-75.73,-9.69
-8.90,-75.71,-9.67
-8.91,-75.70,-9.65
-8.92,-75.66,-9.68
-8.98,-75.55,-9.72
-8.99,-75.52,-9.81
-8.99,-75.53,-9.97
-8.94,-75.49,-10.20
-8.90,-75.50,-10.45
-8.88,-75.46,-10.62
-8.88,-75.42,-10.75
-8.91,-75.36,-10.86
-8.95,-75.34,-10.88
-9.04,-75.30,-10.83
-9.09,-75.42,-10.80
-9.10,-75.54,-10.73
-9.10,-75.59,-10.74
-9.11,-75.56,-10.78
-9.02,-75.62,-10.94
-8.93,-75.64,-11.06
-8.82,-75.64,-11.17
-8.77,-75.65,-11.31
-8.74,-75.76,-11.51
-8.76,-75.70,-11.66
-8.71,-75.67,-11.80
-8.73,-75.68,-11.94
-8.76,-75.62,-12.04
-8.77,-75.62,-12.17
-8.78,-75.58,-12.28
-8.75,-75.58,-12.34
-8.76,-75.59,-12.40
-8.80,-75.59,-12.47
-8.81,-75.70,-12.62
-8.84,-75.71,-12.72
-8.84,-75.72,-12.83
-8.86,-75.76,-12.94
-8.88,-75.76,-13.02
-8.94,-75.68,-13.08
-9.01,-75.66,-13.14
-9.14,-75.65,-13.25
-9.20,-75.62,-13.38
-9.27,-75.65,-13.58
-9.36,-75.53,-13.74
-9.42,-75.46,-13.84
-9.52,-75.39,-13.89
-9.65,-75.38,-13.89
-9.80,-75.36,-13.90
-9.88,-75.35,-13.90
-9.92,-75.35,-13.95
-9.95,-75.29,-14.03
-9.99,-75.29,-14.25
-10.01,-75.25,-14.67
-10.03,-75.03,-15.07
-9.99,-74.94,-15.47
-9.90,-74.87,-16.00
-9.82,-74.68,-16.47
-9.77,-74.65,-16.97
-9.68,-74.46,-17.33
-9.58,-74.43,-17.70
-9.49,-74.45,-18.05
-9.41,-74.36,-18.37
-9.30,-74.19,-18.64
-9.17,-74.18,-19.04
-9.12,-74.10,-19.42
-9.06,-73.87,-19.84
-8.97,-73.75,-20.38
-8.87,-73.58,-20.79
-8.70,-73.45,-21.13
-8.60,-73.47,-21.56
-8.62,-73.19,-21.92
-8.69,-73.12,-22.45
-8.82,-72.93,-22.75
-8.94,-72.72,-22.99
-9.05,-72.70,-23.15
-9.16,-72.77,-23.45
-9.28,-72.65,-23.75
-9.37,-72.55,-24.03
-9.41,-72.50,-24.52
-9.39,-72.37,-24.93
-9.33,-72.29,-25.37
-9.24,-72.22,-25.92
-9.20,-72.09,-26.30
-9.15,-72.18,-26.75