kbPos,-0.2683,-0.0570,0.7959,kbRot,0.86449740,0.15243420,0.47168920,-0.08317154,,,,,,,head_y,,head_z,,head_q_w,,head_q_x,,head_q_y,,head_q_z,,t,:,kbPos,-0.2683,-0.0570,0.7959;,kbRot,0.86449740,0.15243420,0.47168920,-0.08317154,,
h_x,h_y,h_z,p_z,p_y,p_z,head_x,head_y,head_z,head_q_w,head_q_w,head_q_x,head_q_z,t,,,,,,,,,,,,,,,,,,,,,,,,,,
-0.2862,-0.1704,0.6982,-0.2497,-0.0775,0.7639,-0.7588,0.1439,0.5422,0.862187,0.134028,0.484102,-0.065691,660370.10,,,,,,,,,,,,,,,,,,,,,,,,,,
-0.2862,-0.1704,0.6982,-0.2498,-0.0775,0.7639,-0.7587,0.1439,0.5426,0.862250,0.133985,0.483946,-0.066098,660385.50,,,,,,,,,,,,,,,,,,,,,,,,,,
-0.2837,-0.1719,0.6992,-0.2473,-0.0790,0.7650,-0.7586,0.1439,0.5428,0.862300,0.134144,0.483793,-0.066251,660401.90,,,,,,,,,,,,,,,,,,,,,,,,,,
-0.2837,-0.1719,0.6992,-0.2473,-0.0790,0.7650,-0.7583,0.1439,0.5431,0.862368,0.134244,0.483691,-0.065905,660419.10,,,,,,,,,,,,,,,,,,,,,,,,,,
-0.2854,-0.1705,0.6993,-0.2490,-0.0775,0.7650,-0.7582,0.1439,0.5433,0.862332,0.134577,0.483706,-0.065591,660435.50,,,,,,,,,,,,,,,,,,,,,,,,,,
-0.2854,-0.1705,0.6993,-0.2491,-0.0775,0.7650,-0.7580,0.1439,0.5436,0.862347,0.134961,0.483596,-0.065405,660452.10,,,,,,,,,,,,,,,,,,,,,,,,,,
-0.2865,-0.1693,0.6995,-0.2501,-0.0763,0.7653,-0.7579,0.1439,0.5439,0.862410,0.135175,0.483426,-0.065396,660468.70,,,,,,,,,,,,,,,,,,,,,,,,,,
-0.2865,-0.1693,0.6995,-0.2502,-0.0763,0.7653,-0.7578,0.1438,0.5443,0.862537,0.135327,0.483154,-0.065418,660484.90,,,,,,,,,,,,,,,,,,,,,,,,,,
-0.2868,-0.1685,0.6999,-0.2505,-0.0755,0.7657,-0.7578,0.1438,0.5446,0.862738,0.135328,0.482821,-0.065220,660502.30,,,,,,,,,,,,,,,,,,,,,,,,,,
-0.2868,-0.1685,0.6999,-0.2506,-0.0755,0.7657,-0.7576,0.1439,0.5451,0.862952,0.135533,0.482425,-0.064893,660518.30,,,,,,,,,,,,,,,,,,,,,,,,,,
-0.2873,-0.1674,0.6999,-0.2512,-0.0745,0.7658,-0.7576,0.1438,0.5454,0.863055,0.135896,0.482151,-0.064798,660534.80,,,,,,,,,,,,,,,,,,,,,,,,,,
-0.2873,-0.1674,0.6999,-0.2512,-0.0745,0.7658,-0.7575,0.1437,0.5457,0.863102,0.136343,0.481938,-0.064814,660551.50,,,,,,,,,,,,,,,,,,,,,,,,,,
-0.2894,-0.1663,0.6992,-0.2532,-0.0733,0.7651,-0.7574,0.1436,0.5459,0.863012,0.136500,0.482035,-0.064970,660568.50,,,,,,,,,,,,,,,,,,,,,,,,,,
-0.2894,-0.1663,0.6992,-0.2532,-0.0733,0.7650,-0.7574,0.1436,0.5460,0.862839,0.136888,0.482231,-0.065001,660584.90,,,,,,,,,,,,,,,,,,,,,,,,,,
-0.2899,-0.1661,0.6994,-0.2536,-0.0732,0.7652,-0.7573,0.1436,0.5461,0.862726,0.137044,0.482417,-0.064786,660601.90,,,,,,,,,,,,,,,,,,,,,,,,,,
-0.2899,-0.1661,0.6994,-0.2536,-0.0732,0.7652,-0.7572,0.1436,0.5462,0.862676,0.137033,0.482488,-0.064938,660618.20,,,,,,,,,,,,,,,,,,,,,,,,,,
-0.2902,-0.1660,0.6996,-0.2540,-0.0731,0.7654,-0.7571,0.1436,0.5463,0.862669,0.137172,0.482465,-0.064917,660634.70,,,,,,,,,,,,,,,,,,,,,,,,,,
-0.2902,-0.1660,0.6996,-0.2540,-0.0731,0.7654,-0.7570,0.1436,0.5465,0.862620,0.137184,0.482544,-0.064945,660651.10,,,,,,,,,,,,,,,,,,,,,,,,,,
-0.2917,-0.1659,0.6987,-0.2554,-0.0730,0.7645,-0.7570,0.1436,0.5466,0.862685,0.137079,0.482461,-0.064921,660668.20,,,,,,,,,,,,,,,,,,,,,,,,,,
-0.2917,-0.1659,0.6987,-0.2554,-0.0730,0.7645,-0.7569,0.1437,0.5467,0.862696,0.136841,0.482522,-0.064829,660684.80,,,,,,,,,,,,,,,,,,,,,,,,,,
-0.2915,-0.1659,0.6990,-0.2553,-0.0729,0.7648,-0.7569,0.1437,0.5468,0.862715,0.136682,0.482521,-0.064926,660701.30,,,,,,,,,,,,,,,,,,,,,,,,,,
-0.2915,-0.1659,0.6990,-0.2552,-0.0729,0.7648,-0.7568,0.1437,0.5468,0.862667,0.136782,0.482583,-0.064888,660718.30,,,,,,,,,,,,,,,,,,,,,,,,,,
-0.2913,-0.1659,0.6993,-0.2551,-0.0729,0.7651,-0.7568,0.1437,0.5469,0.862633,0.136904,0.482611,-0.064870,660734.90,,,,,,,,,,,,,,,,,,,,,,,,,,
-0.2913,-0.1659,0.6993,-0.2551,-0.0729,0.7651,-0.7568,0.1437,0.5469,0.862662,0.136696,0.482649,-0.064643,660751.40,,,,,,,,,,,,,,,,,,,,,,,,,,
-0.2916,-0.1659,0.6994,-0.2553,-0.0730,0.7652,-0.7568,0.1437,0.5470,0.862671,0.136653,0.482658,-0.064546,660768.30,,,,,,,,,,,,,,,,,,,,,,,,,,
-0.2916,-0.1659,0.6994,-0.2553,-0.0730,0.7652,-0.7567,0.1438,0.5470,0.862675,0.136693,0.482621,-0.064691,660784.40,,,,,,,,,,,,,,,,,,,,,,,,,,
-0.2916,-0.1659,0.6994,-0.2553,-0.0730,0.7652,-0.7567,0.1437,0.5471,0.862679,0.136731,0.482620,-0.064561,660801.60,,,,,,,,,,,,,,,,,,,,,,,,,,
-0.3023,-0.1612,0.6929,-0.2660,-0.0683,0.7587,-0.7567,0.1437,0.5471,0.862684,0.136770,0.482584,-0.064676,660818.60,,,,,,,,,,,,,,,,,,,,,,,,,,
-0.3023,-0.1612,0.6929,-0.2661,-0.0683,0.7587,-0.7566,0.1437,0.5472,0.862721,0.136789,0.482491,-0.064832,660834.90,,,,,,,,,,,,,,,,,,,,,,,,,,
-0.3023,-0.1612,0.6929,-0.2661,-0.0683,0.7587,-0.7566,0.1437,0.5472,0.862773,0.136738,0.482405,-0.064896,660851.20,,,,,,,,,,,,,,,,,,,,,,,,,,
-0.2998,-0.1629,0.6947,-0.2636,-0.0699,0.7605,-0.7566,0.1437,0.5472,0.862841,0.136820,0.482269,-0.064828,660868.40,,,,,,,,,,,,,,,,,,,,,,,,,,
-0.2972,-0.1639,0.6969,-0.2610,-0.0710,0.7627,-0.7567,0.1437,0.5472,0.862853,0.136803,0.482254,-0.064813,660884.60,,,,,,,,,,,,,,,,,,,,,,,,,,
-0.2972,-0.1639,0.6969,-0.2610,-0.0710,0.7627,-0.7567,0.1437,0.5473,0.862907,0.136882,0.482159,-0.064638,660901.30,,,,,,,,,,,,,,,,,,,,,,,,,,
-0.2968,-0.1642,0.6971,-0.2606,-0.0712,0.7630,-0.7567,0.1438,0.5473,0.863043,0.136835,0.481983,-0.064236,660918.10,,,,,,,,,,,,,,,,,,,,,,,,,,
-0.2968,-0.1642,0.6971,-0.2607,-0.0712,0.7630,-0.7567,0.1439,0.5474,0.863221,0.136911,0.481669,-0.064030,660934.60,,,,,,,,,,,,,,,,,,,,,,,,,,
-0.2951,-0.1645,0.6983,-0.2590,-0.0715,0.7642,-0.7568,0.1439,0.5475,0.863401,0.136656,0.481432,-0.063923,660951.30,,,,,,,,,,,,,,,,,,,,,,,,,,
-0.2951,-0.1645,0.6983,-0.2590,-0.0715,0.7642,-0.7568,0.1439,0.5475,0.863428,0.136549,0.481415,-0.063931,660968.00,,,,,,,,,,,,,,,,,,,,,,,,,,
-0.2951,-0.1645,0.6983,-0.2590,-0.0715,0.7642,-0.7569,0.1439,0.5476,0.863459,0.136204,0.481425,-0.064167,660985.20,,,,,,,,,,,,,,,,,,,,,,,,,,
-0.2948,-0.1645,0.6987,-0.2587,-0.0716,0.7646,-0.7569,0.1440,0.5476,0.863450,0.136114,0.481481,-0.064065,661001.90,,,,,,,,,,,,,,,,,,,,,,,,,,
-0.2945,-0.1646,0.6991,-0.2584,-0.0716,0.7650,-0.7570,0.1440,0.5475,0.863450,0.136362,0.481440,-0.063840,661018.30,,,,,,,,,,,,,,,,,,,,,,,,,,
-0.2945,-0.1646,0.6991,-0.2584,-0.0716,0.7650,-0.7570,0.1440,0.5475,0.863531,0.136346,0.481348,-0.063471,661034.60,,,,,,,,,,,,,,,,,,,,,,,,,,
-0.2945,-0.1646,0.6991,-0.2585,-0.0716,0.7650,-0.7571,0.1440,0.5475,0.863625,0.136459,0.481156,-0.063403,661050.80,,,,,,,,,,,,,,,,,,,,,,,,,,
-0.2945,-0.1646,0.6991,-0.2585,-0.0716,0.7651,-0.7574,0.1441,0.5477,0.863780,0.136264,0.480985,-0.063002,661067.50,,,,,,,,,,,,,,,,,,,,,,,,,,
-0.2937,-0.1644,0.7002,-0.2577,-0.0715,0.7661,-0.7574,0.1442,0.5478,0.864047,0.135833,0.480679,-0.062615,661084.50,,,,,,,,,,,,,,,,,,,,,,,,,,
-0.2937,-0.1644,0.7002,-0.2577,-0.0715,0.7661,-0.7574,0.1443,0.5479,0.864117,0.135778,0.480536,-0.062853,661101.00,,,,,,,,,,,,,,,,,,,,,,,,,,
-0.2937,-0.1644,0.7002,-0.2578,-0.0714,0.7661,-0.7575,0.1443,0.5479,0.864209,0.135573,0.480420,-0.062930,661117.90,,,,,,,,,,,,,,,,,,,,,,,,,,
-0.2937,-0.1644,0.7002,-0.2578,-0.0714,0.7661,-0.7575,0.1443,0.5478,0.864186,0.135498,0.480447,-0.063201,661134.40,,,,,,,,,,,,,,,,,,,,,,,,,,
-0.2940,-0.1644,0.7003,-0.2580,-0.0715,0.7663,-0.7575,0.1442,0.5478,0.863990,0.135626,0.480718,-0.063539,661150.90,,,,,,,,,,,,,,,,,,,,,,,,,,
-0.2940,-0.1644,0.7003,-0.2580,-0.0715,0.7662,-0.7576,0.1442,0.5476,0.863825,0.135901,0.480929,-0.063599,661168.00,,,,,,,,,,,,,,,,,,,,,,,,,,
-0.2938,-0.1644,0.7007,-0.2578,-0.0714,0.7667,-0.7576,0.1442,0.5475,0.863743,0.135833,0.481123,-0.063386,661183.80,,,,,,,,,,,,,,,,,,,,,,,,,,
-0.2938,-0.1644,0.7007,-0.2578,-0.0714,0.7666,-0.7577,0.1443,0.5474,0.863634,0.135647,0.481375,-0.063361,661200.80,,,,,,,,,,,,,,,,,,,,,,,,,,
-0.2938,-0.1643,0.7009,-0.2578,-0.0714,0.7668,-0.7577,0.1443,0.5473,0.863601,0.135302,0.481529,-0.063382,661217.90,,,,,,,,,,,,,,,,,,,,,,,,,,
-0.2938,-0.1643,0.7009,-0.2577,-0.0714,0.7667,-0.7579,0.1444,0.5472,0.863546,0.135099,0.481704,-0.063231,661234.40,,,,,,,,,,,,,,,,,,,,,,,,,,
-0.2938,-0.1643,0.7011,-0.2577,-0.0714,0.7669,-0.7580,0.1445,0.5471,0.863476,0.134877,0.481920,-0.063016,661251.10,,,,,,,,,,,,,,,,,,,,,,,,,,
-0.2938,-0.1643,0.7011,-0.2577,-0.0714,0.7669,-0.7581,0.1445,0.5470,0.863449,0.134801,0.482023,-0.062753,661267.80,,,,,,,,,,,,,,,,,,,,,,,,,,
-0.2854,-0.1681,0.7086,-0.2493,-0.0752,0.7745,-0.7582,0.1446,0.5470,0.863493,0.134716,0.482040,-0.062198,661284.30,,,,,,,,,,,,,,,,,,,,,,,,,,
-0.2854,-0.1681,0.7086,-0.2493,-0.0752,0.7745,-0.7583,0.1447,0.5469,0.863598,0.134651,0.481914,-0.061858,661300.80,,,,,,,,,,,,,,,,,,,,,,,,,,
-0.2815,-0.1702,0.7092,-0.2453,-0.0772,0.7751,-0.7585,0.1447,0.5469,0.863656,0.134537,0.481858,-0.061739,661317.60,,,,,,,,,,,,,,,,,,,,,,,,,,
-0.2815,-0.1702,0.7092,-0.2453,-0.0772,0.7751,-0.7586,0.1448,0.5469,0.863729,0.134367,0.481810,-0.061460,661334.60,,,,,,,,,,,,,,,,,,,,,,,,,,
-0.2792,-0.1712,0.7102,-0.2431,-0.0782,0.7760,-0.7587,0.1448,0.5469,0.863810,0.134300,0.481736,-0.061035,661351.10,,,,,,,,,,,,,,,,,,,,,,,,,,
-0.2792,-0.1712,0.7102,-0.2431,-0.0782,0.7760,-0.7587,0.1449,0.5469,0.863841,0.134136,0.481744,-0.060903,661367.70,,,,,,,,,,,,,,,,,,,,,,,,,,
-0.2794,-0.1712,0.7099,-0.2433,-0.0782,0.7758,-0.7588,0.1449,0.5469,0.863856,0.134251,0.481704,-0.060760,661384.60,,,,,,,,,,,,,,,,,,,,,,,,,,
-0.2794,-0.1712,0.7099,-0.2433,-0.0782,0.7758,-0.7589,0.1450,0.5469,0.863937,0.134335,0.481581,-0.060382,661400.60,,,,,,,,,,,,,,,,,,,,,,,,,,
-0.2795,-0.1712,0.7099,-0.2435,-0.0782,0.7757,-0.7590,0.1450,0.5470,0.864080,0.134566,0.481293,-0.060128,661417.60,,,,,,,,,,,,,,,,,,,,,,,,,,
-0.2795,-0.1712,0.7099,-0.2435,-0.0782,0.7758,-0.7590,0.1450,0.5470,0.864207,0.134478,0.481107,-0.059993,661434.40,,,,,,,,,,,,,,,,,,,,,,,,,,
-0.2796,-0.1712,0.7097,-0.2436,-0.0782,0.7757,-0.7591,0.1449,0.5471,0.864267,0.134552,0.480974,-0.060018,661451.00,,,,,,,,,,,,,,,,,,,,,,,,,,
-0.2796,-0.1712,0.7097,-0.2436,-0.0782,0.7757,-0.7591,0.1449,0.5471,0.864301,0.134548,0.480922,-0.059959,661467.80,,,,,,,,,,,,,,,,,,,,,,,,,,
-0.2916,-0.1639,0.7005,-0.2557,-0.0709,0.7664,-0.7592,0.1449,0.5471,0.864392,0.134507,0.480757,-0.060069,661484.30,,,,,,,,,,,,,,,,,,,,,,,,,,
-0.2916,-0.1639,0.7005,-0.2557,-0.0709,0.7664,-0.7592,0.1449,0.5471,0.864422,0.134640,0.480674,-0.059998,661500.90,,,,,,,,,,,,,,,,,,,,,,,,,,
-0.2983,-0.1601,0.6980,-0.2623,-0.0672,0.7639,-0.7592,0.1448,0.5471,0.864447,0.134911,0.480540,-0.060103,661517.60,,,,,,,,,,,,,,,,,,,,,,,,,,
-0.2983,-0.1601,0.6980,-0.2623,-0.0672,0.7639,-0.7593,0.1447,0.5470,0.864450,0.135312,0.480380,-0.060429,661534.20,,,,,,,,,,,,,,,,,,,,,,,,,,
-0.3067,-0.1553,0.6923,-0.2707,-0.0624,0.7582,-0.7593,0.1446,0.5470,0.864363,0.135520,0.480438,-0.060748,661550.90,,,,,,,,,,,,,,,,,,,,,,,,,,
-0.3067,-0.1553,0.6923,-0.2707,-0.0624,0.7582,-0.7594,0.1445,0.5470,0.864372,0.135522,0.480375,-0.061110,661567.20,,,,,,,,,,,,,,,,,,,,,,,,,,
-0.3114,-0.1527,0.6890,-0.2755,-0.0597,0.7549,-0.7594,0.1445,0.5470,0.864368,0.135373,0.480406,-0.061258,661584.40,,,,,,,,,,,,,,,,,,,,,,,,,,
-0.3114,-0.1527,0.6890,-0.2755,-0.0597,0.7549,-0.7594,0.1446,0.5470,0.864356,0.135388,0.480415,-0.061314,661600.90,,,,,,,,,,,,,,,,,,,,,,,,,,
-0.3135,-0.1522,0.6877,-0.2776,-0.0592,0.7537,-0.7597,0.1446,0.5472,0.864289,0.135254,0.480587,-0.061216,661617.00,,,,,,,,,,,,,,,,,,,,,,,,,,
-0.3135,-0.1522,0.6877,-0.2776,-0.0592,0.7537,-0.7597,0.1446,0.5471,0.864279,0.135246,0.480614,-0.061167,661634.00,,,,,,,,,,,,,,,,,,,,,,,,,,
-0.3145,-0.1518,0.6875,-0.2786,-0.0589,0.7535,-0.7599,0.1446,0.5473,0.864263,0.135340,0.480631,-0.061044,661650.70,,,,,,,,,,,,,,,,,,,,,,,,,,
-0.3145,-0.1518,0.6875,-0.2786,-0.0589,0.7535,-0.7601,0.1446,0.5473,0.864253,0.135530,0.480613,-0.060908,661667.10,,,,,,,,,,,,,,,,,,,,,,,,,,
-0.3080,-0.1554,0.6940,-0.2720,-0.0625,0.7599,-0.7602,0.1446,0.5474,0.864281,0.135696,0.480515,-0.060909,661684.30,,,,,,,,,,,,,,,,,,,,,,,,,,
-0.3080,-0.1554,0.6940,-0.2721,-0.0625,0.7599,-0.7603,0.1446,0.5474,0.864337,0.135698,0.480406,-0.060969,661700.60,,,,,,,,,,,,,,,,,,,,,,,,,,
-0.3030,-0.1568,0.6982,-0.2671,-0.0638,0.7642,-0.7604,0.1447,0.5475,0.864519,0.135562,0.480145,-0.060756,661717.10,,,,,,,,,,,,,,,,,,,,,,,,,,
-0.3030,-0.1568,0.6982,-0.2672,-0.0638,0.7642,-0.7605,0.1449,0.5478,0.864684,0.135490,0.479894,-0.060548,661733.90,,,,,,,,,,,,,,,,,,,,,,,,,,
-0.2997,-0.1574,0.7014,-0.2638,-0.0645,0.7674,-0.7606,0.1449,0.5479,0.864801,0.135504,0.479703,-0.060362,661750.40,,,,,,,,,,,,,,,,,,,,,,,,,,
-0.2997,-0.1574,0.7014,-0.2639,-0.0645,0.7674,-0.7607,0.1450,0.5480,0.864871,0.135465,0.479595,-0.060298,661767.10,,,,,,,,,,,,,,,,,,,,,,,,,,
-0.2995,-0.1577,0.7018,-0.2637,-0.0647,0.7679,-0.7609,0.1450,0.5481,0.864982,0.135563,0.479392,-0.060097,661784.40,,,,,,,,,,,,,,,,,,,,,,,,,,
-0.2995,-0.1577,0.7018,-0.2638,-0.0647,0.7679,-0.7610,0.1450,0.5483,0.865148,0.135765,0.479087,-0.059682,661800.70,,,,,,,,,,,,,,,,,,,,,,,,,,
-0.2995,-0.1577,0.7018,-0.2638,-0.0647,0.7679,-0.7611,0.1450,0.5485,0.865331,0.135827,0.478777,-0.059377,661817.30,,,,,,,,,,,,,,,,,,,,,,,,,,
-0.2995,-0.1577,0.7018,-0.2638,-0.0647,0.7679,-0.7612,0.1450,0.5488,0.865455,0.135895,0.478558,-0.059184,661834.00,,,,,,,,,,,,,,,,,,,,,,,,,,
-0.3081,-0.1535,0.6982,-0.2724,-0.0606,0.7644,-0.7612,0.1450,0.5490,0.865603,0.136000,0.478292,-0.058921,661850.10,,,,,,,,,,,,,,,,,,,,,,,,,,
-0.3081,-0.1535,0.6982,-0.2724,-0.0606,0.7644,-0.7612,0.1450,0.5492,0.865729,0.136164,0.478071,-0.058487,661867.30,,,,,,,,,,,,,,,,,,,,,,,,,,
-0.3079,-0.1537,0.6994,-0.2723,-0.0608,0.7656,-0.7612,0.1449,0.5494,0.865783,0.136702,0.477845,-0.058275,661884.30,,,,,,,,,,,,,,,,,,,,,,,,,,
-0.3079,-0.1537,0.6994,-0.2723,-0.0608,0.7656,-0.7612,0.1448,0.5496,0.865684,0.137326,0.477828,-0.058420,661900.40,,,,,,,,,,,,,,,,,,,,,,,,,,
-0.3088,-0.1535,0.6996,-0.2732,-0.0606,0.7657,-0.7612,0.1447,0.5498,0.865730,0.137591,0.477588,-0.059082,661917.80,,,,,,,,,,,,,,,,,,,,,,,,,,
-0.3088,-0.1535,0.6996,-0.2732,-0.0606,0.7657,-0.7612,0.1445,0.5500,0.865583,0.138013,0.477667,-0.059616,661934.70,,,,,,,,,,,,,,,,,,,,,,,,,,
-0.3137,-0.1519,0.6968,-0.2781,-0.0589,0.7630,-0.7612,0.1444,0.5501,0.865437,0.138420,0.477803,-0.059685,661950.70,,,,,,,,,,,,,,,,,,,,,,,,,,
-0.3137,-0.1519,0.6968,-0.2781,-0.0589,0.7630,-0.7612,0.1444,0.5503,0.865301,0.138600,0.478009,-0.059590,661967.20,,,,,,,,,,,,,,,,,,,,,,,,,,
-0.3027,-0.1556,0.7070,-0.2670,-0.0626,0.7731,-0.7612,0.1443,0.5504,0.865160,0.138462,0.478303,-0.059607,661983.60,,,,,,,,,,,,,,,,,,,,,,,,,,
-0.3027,-0.1556,0.7070,-0.2670,-0.0626,0.7731,-0.7611,0.1444,0.5505,0.865046,0.138369,0.478558,-0.059427,662000.80,,,,,,,,,,,,,,,,,,,,,,,,,,
-0.2958,-0.1574,0.7140,-0.2600,-0.0644,0.7801,-0.7612,0.1444,0.5506,0.864982,0.138123,0.478731,-0.059544,662016.90,,,,,,,,,,,,,,,,,,,,,,,,,,
-0.2958,-0.1574,0.7140,-0.2600,-0.0644,0.7801,-0.7612,0.1444,0.5507,0.865034,0.137938,0.478671,-0.059693,662033.80,,,,,,,,,,,,,,,,,,,,,,,,,,
-0.2934,-0.1583,0.7184,-0.2577,-0.0653,0.7845,-0.7613,0.1445,0.5508,0.865279,0.137604,0.478371,-0.059320,662050.00,,,,,,,,,,,,,,,,,,,,,,,,,,
-0.2934,-0.1583,0.7184,-0.2577,-0.0653,0.7845,-0.7614,0.1446,0.5510,0.865526,0.137510,0.478030,-0.058681,662067.10,,,,,,,,,,,,,,,,,,,,,,,,,,
-0.2938,-0.1581,0.7190,-0.2582,-0.0651,0.7851,-0.7615,0.1447,0.5511,0.865741,0.137357,0.477696,-0.058585,662083.90,,,,,,,,,,,,,,,,,,,,,,,,,,
-0.2938,-0.1581,0.7190,-0.2582,-0.0651,0.7851,-0.7616,0.1447,0.5511,0.865786,0.137027,0.477735,-0.058372,662100.30,,,,,,,,,,,,,,,,,,,,,,,,,,
-0.2962,-0.1575,0.7184,-0.2606,-0.0645,0.7846,-0.7616,0.1448,0.5510,0.865727,0.137168,0.477829,-0.058151,662116.90,,,,,,,,,,,,,,,,,,,,,,,,,,
-0.2962,-0.1575,0.7184,-0.2606,-0.0645,0.7846,-0.7616,0.1449,0.5509,0.865751,0.136873,0.477887,-0.058012,662133.60,,,,,,,,,,,,,,,,,,,,,,,,,,
-0.2980,-0.1570,0.7180,-0.2623,-0.0641,0.7842,-0.7616,0.1449,0.5509,0.865651,0.136608,0.478112,-0.058270,662150.30,,,,,,,,,,,,,,,,,,,,,,,,,,
-0.2980,-0.1570,0.7180,-0.2623,-0.0641,0.7842,-0.7616,0.1449,0.5509,0.865656,0.136508,0.478119,-0.058376,662166.80,,,,,,,,,,,,,,,,,,,,,,,,,,
-0.2987,-0.1567,0.7183,-0.2631,-0.0637,0.7845,-0.7616,0.1449,0.5509,0.865688,0.136628,0.478023,-0.058405,662183.60,,,,,,,,,,,,,,,,,,,,,,,,,,
-0.3000,-0.1557,0.7197,-0.2644,-0.0628,0.7859,-0.7616,0.1449,0.5509,0.865773,0.136849,0.477824,-0.058261,662200.60,,,,,,,,,,,,,,,,,,,,,,,,,,
-0.3000,-0.1557,0.7197,-0.2644,-0.0628,0.7859,-0.7616,0.1449,0.5509,0.865855,0.136946,0.477673,-0.058040,662216.90,,,,,,,,,,,,,,,,,,,,,,,,,,
-0.3010,-0.1548,0.7212,-0.2655,-0.0618,0.7873,-0.7617,0.1449,0.5508,0.865924,0.137146,0.477468,-0.058224,662233.80,,,,,,,,,,,,,,,,,,,,,,,,,,
-0.3010,-0.1548,0.7212,-0.2655,-0.0618,0.7874,-0.7617,0.1449,0.5508,0.866017,0.137337,0.477210,-0.058505,662250.70,,,,,,,,,,,,,,,,,,,,,,,,,,
-0.3022,-0.1534,0.7247,-0.2667,-0.0605,0.7909,-0.7616,0.1448,0.5508,0.866034,0.137245,0.477171,-0.058799,662267.10,,,,,,,,,,,,,,,,,,,,,,,,,,
-0.3022,-0.1534,0.7247,-0.2668,-0.0605,0.7909,-0.7616,0.1448,0.5508,0.866083,0.137209,0.477051,-0.059127,662283.80,,,,,,,,,,,,,,,,,,,,,,,,,,
-0.3022,-0.1534,0.7247,-0.2668,-0.0605,0.7909,-0.7616,0.1447,0.5508,0.866113,0.137345,0.476941,-0.059264,662300.50,,,,,,,,,,,,,,,,,,,,,,,,,,
-0.3031,-0.1526,0.7261,-0.2676,-0.0596,0.7923,-0.7615,0.1446,0.5508,0.866207,0.137511,0.476698,-0.059462,662316.50,,,,,,,,,,,,,,,,,,,,,,,,,,
-0.3035,-0.1522,0.7267,-0.2681,-0.0593,0.7930,-0.7615,0.1445,0.5508,0.866286,0.137768,0.476452,-0.059675,662333.60,,,,,,,,,,,,,,,,,,,,,,,,,,
-0.3035,-0.1522,0.7267,-0.2682,-0.0593,0.7930,-0.7615,0.1446,0.5508,0.866411,0.137813,0.476235,-0.059497,662350.10,,,,,,,,,,,,,,,,,,,,,,,,,,
-0.3055,-0.1504,0.7294,-0.2702,-0.0575,0.7957,-0.7615,0.1446,0.5508,0.866602,0.137829,0.475895,-0.059398,662366.90,,,,,,,,,,,,,,,,,,,,,,,,,,
-0.3055,-0.1504,0.7294,-0.2703,-0.0575,0.7957,-0.7615,0.1446,0.5508,0.866751,0.137752,0.475640,-0.059450,662383.40,,,,,,,,,,,,,,,,,,,,,,,,,,
-0.3069,-0.1494,0.7308,-0.2716,-0.0564,0.7971,-0.7614,0.1446,0.5509,0.866899,0.137542,0.475428,-0.059475,662400.00,,,,,,,,,,,,,,,,,,,,,,,,,,
-0.3069,-0.1494,0.7308,-0.2717,-0.0564,0.7972,-0.7614,0.1446,0.5509,0.867086,0.137334,0.475172,-0.059282,662417.20,,,,,,,,,,,,,,,,,,,,,,,,,,
-0.3089,-0.1490,0.7305,-0.2737,-0.0561,0.7969,-0.7614,0.1446,0.5510,0.867151,0.137112,0.475111,-0.059323,662433.50,,,,,,,,,,,,,,,,,,,,,,,,,,
-0.3089,-0.1490,0.7305,-0.2737,-0.0561,0.7969,-0.7614,0.1447,0.5510,0.867189,0.136949,0.475089,-0.059321,662451.10,,,,,,,,,,,,,,,,,,,,,,,,,,
-0.3100,-0.1485,0.7316,-0.2748,-0.0555,0.7980,-0.7614,0.1447,0.5510,0.867180,0.136762,0.475155,-0.059353,662467.10,,,,,,,,,,,,,,,,,,,,,,,,,,
-0.3100,-0.1485,0.7316,-0.2748,-0.0555,0.7980,-0.7614,0.1447,0.5509,0.867201,0.136780,0.475131,-0.059202,662484.00,,,,,,,,,,,,,,,,,,,,,,,,,,
-0.3126,-0.1458,0.7334,-0.2774,-0.0528,0.7998,-0.7614,0.1447,0.5509,0.867250,0.136964,0.475019,-0.058958,662499.80,,,,,,,,,,,,,,,,,,,,,,,,,,
-0.3126,-0.1458,0.7334,-0.2774,-0.0528,0.7998,-0.7614,0.1447,0.5510,0.867281,0.136923,0.474976,-0.058931,662516.40,,,,,,,,,,,,,,,,,,,,,,,,,,
-0.3126,-0.1458,0.7334,-0.2774,-0.0528,0.7998,-0.7613,0.1447,0.5510,0.867315,0.137103,0.474843,-0.059097,662533.20,,,,,,,,,,,,,,,,,,,,,,,,,,
-0.3150,-0.1437,0.7341,-0.2798,-0.0508,0.8005,-0.7613,0.1447,0.5510,0.867257,0.136899,0.474970,-0.059394,662549.80,,,,,,,,,,,,,,,,,,,,,,,,,,
-0.3146,-0.1416,0.7397,-0.2794,-0.0487,0.8061,-0.7613,0.1447,0.5510,0.867180,0.136831,0.475111,-0.059548,662566.30,,,,,,,,,,,,,,,,,,,,,,,,,,
-0.3146,-0.1416,0.7397,-0.2794,-0.0487,0.8061,-0.7613,0.1448,0.5511,0.867138,0.136556,0.475269,-0.059533,662583.20,,,,,,,,,,,,,,,,,,,,,,,,,,
-0.3146,-0.1416,0.7397,-0.2794,-0.0487,0.8061,-0.7612,0.1447,0.5511,0.867097,0.136732,0.475337,-0.059176,662599.60,,,,,,,,,,,,,,,,,,,,,,,,,,
-0.3203,-0.1375,0.7373,-0.2851,-0.0445,0.8036,-0.7611,0.1447,0.5511,0.867123,0.136910,0.475299,-0.058695,662616.10,,,,,,,,,,,,,,,,,,,,,,,,,,
-0.3252,-0.1345,0.7350,-0.2900,-0.0416,0.8014,-0.7611,0.1447,0.5512,0.867172,0.137180,0.475139,-0.058625,662633.10,,,,,,,,,,,,,,,,,,,,,,,,,,
-0.3252,-0.1345,0.7350,-0.2900,-0.0416,0.8014,-0.7611,0.1446,0.5513,0.867192,0.137364,0.475044,-0.058669,662649.90,,,,,,,,,,,,,,,,,,,,,,,,,,
-0.3280,-0.1343,0.7327,-0.2929,-0.0413,0.7991,-0.7610,0.1446,0.5514,0.867186,0.137265,0.475019,-0.059195,662666.40,,,,,,,,,,,,,,,,,,,,,,,,,,
-0.3280,-0.1343,0.7327,-0.2929,-0.0413,0.7990,-0.7609,0.1446,0.5514,0.867042,0.137191,0.475211,-0.059929,662683.00,,,,,,,,,,,,,,,,,,,,,,,,,,
-0.3255,-0.1361,0.7342,-0.2902,-0.0432,0.8005,-0.7609,0.1445,0.5515,0.866803,0.137134,0.475616,-0.060298,662699.60,,,,,,,,,,,,,,,,,,,,,,,,,,
-0.3255,-0.1361,0.7342,-0.2902,-0.0432,0.8005,-0.7608,0.1445,0.5515,0.866624,0.137394,0.475891,-0.060108,662716.40,,,,,,,,,,,,,,,,,,,,,,,,,,
-0.3254,-0.1361,0.7342,-0.2901,-0.0432,0.8005,-0.7607,0.1445,0.5515,0.866520,0.137554,0.476055,-0.059949,662733.00,,,,,,,,,,,,,,,,,,,,,,,,,,
-0.3254,-0.1361,0.7342,-0.2900,-0.0432,0.8005,-0.7607,0.1445,0.5515,0.866399,0.137710,0.476249,-0.059790,662749.60,,,,,,,,,,,,,,,,,,,,,,,,,,
-0.3258,-0.1365,0.7341,-0.2905,-0.0435,0.8004,-0.7607,0.1445,0.5517,0.866422,0.137665,0.476212,-0.059869,662766.40,,,,,,,,,,,,,,,,,,,,,,,,,,
-0.3258,-0.1365,0.7341,-0.2905,-0.0435,0.8004,-0.7607,0.1444,0.5517,0.866522,0.137669,0.476020,-0.059939,662782.80,,,,,,,,,,,,,,,,,,,,,,,,,,
-0.3160,-0.1410,0.7436,-0.2807,-0.0481,0.8099,-0.7609,0.1444,0.5518,0.866645,0.137726,0.475763,-0.060068,662800.00,,,,,,,,,,,,,,,,,,,,,,,,,,
-0.3160,-0.1410,0.7436,-0.2807,-0.0481,0.8099,-0.7609,0.1444,0.5519,0.866719,0.137920,0.475588,-0.059945,662815.90,,,,,,,,,,,,,,,,,,,,,,,,,,
-0.3160,-0.1410,0.7436,-0.2808,-0.0481,0.8099,-0.7609,0.1444,0.5520,0.866747,0.138204,0.475475,-0.059773,662833.40,,,,,,,,,,,,,,,,,,,,,,,,,,
-0.3160,-0.1410,0.7436,-0.2808,-0.0481,0.8099,-0.7610,0.1444,0.5520,0.866756,0.138327,0.475417,-0.059830,662849.70,,,,,,,,,,,,,,,,,,,,,,,,,,
-0.3160,-0.1410,0.7436,-0.2808,-0.0481,0.8099,-0.7610,0.1443,0.5521,0.866737,0.138411,0.475422,-0.059865,662866.10,,,,,,,,,,,,,,,,,,,,,,,,,,
-0.3234,-0.1368,0.7402,-0.2881,-0.0438,0.8066,-0.7610,0.1443,0.5521,0.866752,0.138418,0.475425,-0.059603,662883.40,,,,,,,,,,,,,,,,,,,,,,,,,,
-0.3234,-0.1368,0.7402,-0.2881,-0.0438,0.8066,-0.7610,0.1443,0.5522,0.866681,0.138461,0.475538,-0.059638,662899.80,,,,,,,,,,,,,,,,,,,,,,,,,,
-0.3234,-0.1368,0.7402,-0.2881,-0.0438,0.8066,-0.7611,0.1443,0.5522,0.866647,0.138520,0.475558,-0.059832,662916.20,,,,,,,,,,,,,,,,,,,,,,,,,,
-0.3293,-0.1342,0.7372,-0.2940,-0.0413,0.8036,-0.7611,0.1444,0.5522,0.866688,0.138413,0.475526,-0.059738,662933.30,,,,,,,,,,,,,,,,,,,,,,,,,,
-0.3198,-0.1386,0.7453,-0.2846,-0.0457,0.8116,-0.7611,0.1444,0.5523,0.866886,0.138235,0.475255,-0.059441,662950.00,,,,,,,,,,,,,,,,,,,,,,,,,,
-0.3198,-0.1386,0.7453,-0.2846,-0.0457,0.8116,-0.7611,0.1445,0.5524,0.867014,0.138184,0.475053,-0.059302,662966.60,,,,,,,,,,,,,,,,,,,,,,,,,,
-0.3126,-0.1419,0.7513,-0.2775,-0.0490,0.8177,-0.7611,0.1445,0.5524,0.867144,0.137918,0.474879,-0.059412,662983.20,,,,,,,,,,,,,,,,,,,,,,,,,,
-0.3126,-0.1419,0.7513,-0.2775,-0.0490,0.8177,-0.7611,0.1446,0.5525,0.867272,0.137637,0.474701,-0.059614,662999.60,,,,,,,,,,,,,,,,,,,,,,,,,,
-0.3079,-0.1449,0.7547,-0.2729,-0.0520,0.8211,-0.7611,0.1446,0.5525,0.867400,0.137486,0.474499,-0.059721,663016.10,,,,,,,,,,,,,,,,,,,,,,,,,,
-0.3079,-0.1449,0.7547,-0.2729,-0.0520,0.8211,-0.7610,0.1446,0.5525,0.867412,0.137433,0.474444,-0.060100,663032.80,,,,,,,,,,,,,,,,,,,,,,,,,,
-0.3161,-0.1436,0.7467,-0.2810,-0.0506,0.8131,-0.7610,0.1445,0.5524,0.867326,0.137303,0.474606,-0.060353,663050.00,,,,,,,,,,,,,,,,,,,,,,,,,,
-0.3161,-0.1436,0.7467,-0.2810,-0.0506,0.8131,-0.7610,0.1445,0.5523,0.867087,0.137381,0.474970,-0.060751,663066.30,,,,,,,,,,,,,,,,,,,,,,,,,,
-0.3173,-0.1434,0.7448,-0.2821,-0.0504,0.8112,-0.7609,0.1445,0.5521,0.866964,0.137598,0.475093,-0.061045,663082.80,,,,,,,,,,,,,,,,,,,,,,,,,,
-0.3173,-0.1434,0.7448,-0.2821,-0.0504,0.8112,-0.7609,0.1444,0.5520,0.866870,0.137519,0.475255,-0.061305,663099.70,,,,,,,,,,,,,,,,,,,,,,,,,,
-0.3196,-0.1458,0.7382,-0.2844,-0.0529,0.8045,-0.7608,0.1445,0.5519,0.866822,0.137475,0.475355,-0.061296,663116.10,,,,,,,,,,,,,,,,,,,,,,,,,,
-0.3196,-0.1458,0.7382,-0.2844,-0.0529,0.8045,-0.7608,0.1445,0.5518,0.866765,0.137322,0.475484,-0.061448,663132.50,,,,,,,,,,,,,,,,,,,,,,,,,,
-0.3261,-0.1405,0.7343,-0.2909,-0.0475,0.8006,-0.7609,0.1444,0.5517,0.866736,0.137457,0.475469,-0.061669,663149.50,,,,,,,,,,,,,,,,,,,,,,,,,,
-0.3261,-0.1405,0.7343,-0.2909,-0.0475,0.8007,-0.7609,0.1444,0.5517,0.866794,0.137420,0.475378,-0.061641,663167.40,,,,,,,,,,,,,,,,,,,,,,,,,,
-0.3302,-0.1368,0.7323,-0.2950,-0.0439,0.7986,-0.7610,0.1445,0.5516,0.866877,0.137382,0.475245,-0.061586,663182.60,,,,,,,,,,,,,,,,,,,,,,,,,,
-0.3302,-0.1368,0.7323,-0.2950,-0.0439,0.7986,-0.7610,0.1445,0.5516,0.866868,0.137017,0.475389,-0.061406,663199.40,,,,,,,,,,,,,,,,,,,,,,,,,,
-0.3311,-0.1361,0.7325,-0.2959,-0.0431,0.7988,-0.7611,0.1446,0.5515,0.866765,0.136875,0.475626,-0.061352,663215.80,,,,,,,,,,,,,,,,,,,,,,,,,,
-0.3311,-0.1361,0.7325,-0.2959,-0.0431,0.7988,-0.7611,0.1447,0.5514,0.866756,0.136710,0.475749,-0.060892,663232.30,,,,,,,,,,,,,,,,,,,,,,,,,,
-0.3310,-0.1359,0.7327,-0.2957,-0.0429,0.7990,-0.7611,0.1447,0.5513,0.866702,0.136760,0.475894,-0.060408,663249.10,,,,,,,,,,,,,,,,,,,,,,,,,,
-0.3310,-0.1359,0.7327,-0.2957,-0.0429,0.7990,-0.7612,0.1448,0.5512,0.866644,0.136726,0.476029,-0.060251,663266.20,,,,,,,,,,,,,,,,,,,,,,,,,,
-0.3303,-0.1354,0.7337,-0.2950,-0.0424,0.8000,-0.7612,0.1447,0.5512,0.866624,0.136586,0.476104,-0.060272,663283.50,,,,,,,,,,,,,,,,,,,,,,,,,,
-0.3303,-0.1354,0.7337,-0.2950,-0.0424,0.8000,-0.7612,0.1447,0.5511,0.866599,0.136501,0.476188,-0.060153,663299.50,,,,,,,,,,,,,,,,,,,,,,,,,,
-0.3300,-0.1347,0.7341,-0.2947,-0.0417,0.8004,-0.7612,0.1447,0.5510,0.866598,0.136580,0.476157,-0.060236,663316.10,,,,,,,,,,,,,,,,,,,,,,,,,,
-0.3300,-0.1347,0.7341,-0.2946,-0.0417,0.8004,-0.7612,0.1447,0.5508,0.866453,0.136625,0.476378,-0.060464,663332.80,,,,,,,,,,,,,,,,,,,,,,,,,,
-0.3225,-0.1357,0.7395,-0.2871,-0.0427,0.8057,-0.7612,0.1447,0.5506,0.866282,0.136722,0.476618,-0.060806,663349.20,,,,,,,,,,,,,,,,,,,,,,,,,,
-0.3225,-0.1357,0.7395,-0.2871,-0.0427,0.8057,-0.7611,0.1447,0.5504,0.866128,0.136651,0.476925,-0.060757,663365.90,,,,,,,,,,,,,,,,,,,,,,,,,,
-0.3197,-0.1379,0.7389,-0.2842,-0.0450,0.8051,-0.7611,0.1447,0.5502,0.865910,0.136732,0.477294,-0.060789,663382.70,,,,,,,,,,,,,,,,,,,,,,,,,,
-0.3197,-0.1379,0.7389,-0.2841,-0.0450,0.8051,-0.7610,0.1447,0.5500,0.865768,0.136836,0.477512,-0.060862,663399.50,,,,,,,,,,,,,,,,,,,,,,,,,,
-0.3182,-0.1388,0.7387,-0.2827,-0.0458,0.8049,-0.7610,0.1447,0.5499,0.865627,0.136815,0.477734,-0.061166,663415.80,,,,,,,,,,,,,,,,,,,,,,,,,,
-0.3170,-0.1394,0.7382,-0.2814,-0.0465,0.8044,-0.7610,0.1446,0.5497,0.865544,0.136889,0.477799,-0.061672,663433.20,,,,,,,,,,,,,,,,,,,,,,,,,,
-0.3170,-0.1394,0.7382,-0.2814,-0.0465,0.8043,-0.7610,0.1445,0.5495,0.865328,0.137124,0.478077,-0.062023,663449.40,,,,,,,,,,,,,,,,,,,,,,,,,,
-0.3149,-0.1400,0.7379,-0.2793,-0.0471,0.8040,-0.7610,0.1444,0.5494,0.865134,0.137313,0.478364,-0.062099,663466.50,,,,,,,,,,,,,,,,,,,,,,,,,,
-0.3149,-0.1400,0.7379,-0.2792,-0.0471,0.8040,-0.7611,0.1444,0.5491,0.864909,0.137533,0.478699,-0.062163,663481.50,,,,,,,,,,,,,,,,,,,,,,,,,,
-0.3140,-0.1403,0.7375,-0.2783,-0.0474,0.8036,-0.7611,0.1444,0.5490,0.864732,0.137502,0.479042,-0.062056,663498.90,,,,,,,,,,,,,,,,,,,,,,,,,,
-0.3140,-0.1403,0.7375,-0.2782,-0.0474,0.8036,-0.7612,0.1444,0.5488,0.864621,0.137439,0.479286,-0.061865,663515.70,,,,,,,,,,,,,,,,,,,,,,,,,,
-0.3118,-0.1407,0.7372,-0.2759,-0.0477,0.8033,-0.7612,0.1444,0.5486,0.864460,0.137211,0.479642,-0.061857,663532.70,,,,,,,,,,,,,,,,,,,,,,,,,,
-0.3118,-0.1407,0.7372,-0.2759,-0.0477,0.8032,-0.7613,0.1444,0.5484,0.864304,0.137078,0.479992,-0.061620,663548.80,,,,,,,,,,,,,,,,,,,,,,,,,,
-0.3100,-0.1411,0.7358,-0.2741,-0.0482,0.8018,-0.7613,0.1445,0.5482,0.864118,0.136898,0.480359,-0.061768,663565.80,,,,,,,,,,,,,,,,,,,,,,,,,,
-0.3100,-0.1411,0.7358,-0.2740,-0.0482,0.8018,-0.7614,0.1445,0.5479,0.863937,0.136834,0.480698,-0.061792,663582.30,,,,,,,,,,,,,,,,,,,,,,,,,,
-0.3088,-0.1419,0.7322,-0.2728,-0.0490,0.7981,-0.7614,0.1445,0.5477,0.863798,0.136747,0.480967,-0.061833,663598.90,,,,,,,,,,,,,,,,,,,,,,,,,,
-0.3088,-0.1419,0.7322,-0.2727,-0.0490,0.7981,-0.7615,0.1445,0.5474,0.863687,0.136683,0.481192,-0.061779,663615.10,,,,,,,,,,,,,,,,,,,,,,,,,,
-0.3087,-0.1421,0.7308,-0.2726,-0.0491,0.7967,-0.7615,0.1445,0.5471,0.863630,0.136704,0.481303,-0.061668,663632.60,,,,,,,,,,,,,,,,,,,,,,,,,,
-0.3087,-0.1421,0.7308,-0.2726,-0.0491,0.7967,-0.7616,0.1445,0.5469,0.863581,0.136531,0.481427,-0.061763,663648.90,,,,,,,,,,,,,,,,,,,,,,,,,,
-0.3078,-0.1425,0.7291,-0.2716,-0.0495,0.7949,-0.7616,0.1445,0.5467,0.863453,0.136271,0.481700,-0.062007,663665.60,,,,,,,,,,,,,,,,,,,,,,,,,,
-0.3078,-0.1425,0.7291,-0.2716,-0.0495,0.7949,-0.7617,0.1444,0.5464,0.863279,0.136252,0.481973,-0.062341,663682.00,,,,,,,,,,,,,,,,,,,,,,,,,,
-0.3065,-0.1432,0.7260,-0.2703,-0.0502,0.7918,-0.7617,0.1444,0.5461,0.863122,0.136326,0.482239,-0.062303,663699.10,,,,,,,,,,,,,,,,,,,,,,,,,,
-0.3065,-0.1432,0.7260,-0.2703,-0.0502,0.7918,-0.7617,0.1444,0.5459,0.863008,0.136324,0.482462,-0.062163,663715.40,,,,,,,,,,,,,,,,,,,,,,,,,,
-0.3052,-0.1443,0.7219,-0.2689,-0.0513,0.7877,-0.7617,0.1444,0.5456,0.862914,0.136135,0.482701,-0.062025,663732.50,,,,,,,,,,,,,,,,,,,,,,,,,,
-0.3052,-0.1443,0.7219,-0.2689,-0.0513,0.7877,-0.7617,0.1445,0.5454,0.862799,0.136075,0.482907,-0.062146,663748.90,,,,,,,,,,,,,,,,,,,,,,,,,,
-0.2981,-0.1474,0.7210,-0.2617,-0.0545,0.7868,-0.7617,0.1444,0.5452,0.862691,0.135795,0.483138,-0.062467,663765.30,,,,,,,,,,,,,,,,,,,,,,,,,,
-0.2981,-0.1474,0.7210,-0.2617,-0.0545,0.7868,-0.7617,0.1444,0.5450,0.862593,0.135703,0.483314,-0.062656,663782.00,,,,,,,,,,,,,,,,,,,,,,,,,,
-0.2920,-0.1497,0.7207,-0.2555,-0.0567,0.7864,-0.7617,0.1444,0.5447,0.862425,0.135637,0.483606,-0.062855,663798.80,,,,,,,,,,,,,,,,,,,,,,,,,,
-0.2920,-0.1497,0.7207,-0.2555,-0.0567,0.7864,-0.7617,0.1444,0.5445,0.862225,0.135654,0.483943,-0.062972,663815.00,,,,,,,,,,,,,,,,,,,,,,,,,,
-0.2920,-0.1497,0.7207,-0.2554,-0.0567,0.7864,-0.7617,0.1444,0.5442,0.862005,0.135598,0.484329,-0.063134,663832.10,,,,,,,,,,,,,,,,,,,,,,,,,,
-0.2920,-0.1497,0.7207,-0.2554,-0.0567,0.7863,-0.7616,0.1444,0.5439,0.861803,0.135277,0.484786,-0.063069,663849.10,,,,,,,,,,,,,,,,,,,,,,,,,,
-0.2941,-0.1495,0.7133,-0.2575,-0.0565,0.7788,-0.7616,0.1445,0.5436,0.861503,0.135219,0.485317,-0.063207,663866.30,,,,,,,,,,,,,,,,,,,,,,,,,,
-0.2941,-0.1495,0.7133,-0.2574,-0.0565,0.7788,-0.7616,0.1445,0.5433,0.861197,0.135197,0.485843,-0.063396,663883.10,,,,,,,,,,,,,,,,,,,,,,,,,,
-0.2945,-0.1492,0.7106,-0.2576,-0.0563,0.7761,-0.7615,0.1445,0.5430,0.860851,0.135085,0.486479,-0.063449,663899.00,,,,,,,,,,,,,,,,,,,,,,,,,,
-0.2945,-0.1492,0.7106,-0.2576,-0.0563,0.7761,-0.7614,0.1447,0.5430,0.860709,0.134898,0.486783,-0.063448,663919.00,,,,,,,,,,,,,,,,,,,,,,,,,,
-0.2957,-0.1485,0.7046,-0.2587,-0.0555,0.7701,-0.7613,0.1447,0.5428,0.860593,0.134618,0.487064,-0.063453,663932.10,,,,,,,,,,,,,,,,,,,,,,,,,,
-0.2957,-0.1485,0.7046,-0.2587,-0.0555,0.7700,-0.7613,0.1447,0.5427,0.860474,0.134426,0.487333,-0.063418,663948.90,,,,,,,,,,,,,,,,,,,,,,,,,,
-0.2984,-0.1479,0.6962,-0.2614,-0.0550,0.7615,-0.7613,0.1448,0.5425,0.860396,0.134396,0.487464,-0.063519,663965.30,,,,,,,,,,,,,,,,,,,,,,,,,,
-0.2984,-0.1479,0.6962,-0.2614,-0.0550,0.7615,-0.7613,0.1448,0.5424,0.860334,0.134414,0.487586,-0.063395,663981.60,,,,,,,,,,,,,,,,,,,,,,,,,,
-0.3004,-0.1461,0.6899,-0.2634,-0.0531,0.7552,-0.7612,0.1449,0.5422,0.860359,0.134184,0.487611,-0.063351,663999.00,,,,,,,,,,,,,,,,,,,,,,,,,,
-0.3004,-0.1461,0.6899,-0.2634,-0.0531,0.7552,-0.7612,0.1449,0.5421,0.860339,0.133927,0.487734,-0.063216,664015.50,,,,,,,,,,,,,,,,,,,,,,,,,,
-0.2893,-0.1503,0.6934,-0.2522,-0.0574,0.7587,-0.7611,0.1449,0.5419,0.860260,0.133820,0.487926,-0.063037,664031.80,,,,,,,,,,,,,,,,,,,,,,,,,,
-0.2893,-0.1503,0.6934,-0.2522,-0.0574,0.7587,-0.7611,0.1449,0.5417,0.860063,0.133919,0.488228,-0.063169,664048.80,,,,,,,,,,,,,,,,,,,,,,,,,,
-0.2826,-0.1518,0.6934,-0.2455,-0.0588,0.7587,-0.7610,0.1448,0.5414,0.859768,0.133978,0.488678,-0.063591,664066.10,,,,,,,,,,,,,,,,,,,,,,,,,,
-0.2826,-0.1518,0.6934,-0.2454,-0.0588,0.7586,-0.7609,0.1448,0.5412,0.859431,0.134023,0.489202,-0.064007,664081.80,,,,,,,,,,,,,,,,,,,,,,,,,,
-0.2802,-0.1521,0.6935,-0.2429,-0.0592,0.7587,-0.7608,0.1448,0.5409,0.859234,0.133772,0.489603,-0.064120,664098.80,,,,,,,,,,,,,,,,,,,,,,,,,,
-0.2802,-0.1521,0.6935,-0.2428,-0.0592,0.7587,-0.7607,0.1448,0.5408,0.859152,0.133690,0.489763,-0.064168,664115.10,,,,,,,,,,,,,,,,,,,,,,,,,,
-0.2784,-0.1522,0.6930,-0.2411,-0.0593,0.7582,-0.7605,0.1448,0.5406,0.859152,0.133796,0.489739,-0.064121,664132.00,,,,,,,,,,,,,,,,,,,,,,,,,,
-0.2784,-0.1522,0.6930,-0.2411,-0.0593,0.7582,-0.7605,0.1447,0.5405,0.859187,0.133557,0.489693,-0.064505,664148.30,,,,,,,,,,,,,,,,,,,,,,,,,,
-0.2739,-0.1532,0.6914,-0.2366,-0.0603,0.7566,-0.7604,0.1447,0.5404,0.859098,0.133451,0.489750,-0.065478,664165.60,,,,,,,,,,,,,,,,,,,,,,,,,,
-0.2739,-0.1532,0.6914,-0.2366,-0.0603,0.7566,-0.7603,0.1445,0.5402,0.858854,0.133684,0.490031,-0.066099,664182.30,,,,,,,,,,,,,,,,,,,,,,,,,,
-0.2714,-0.1543,0.6892,-0.2340,-0.0614,0.7544,-0.7601,0.1445,0.5400,0.858616,0.133809,0.490362,-0.066477,664199.40,,,,,,,,,,,,,,,,,,,,,,,,,,
-0.2714,-0.1543,0.6892,-0.2340,-0.0614,0.7544,-0.7600,0.1444,0.5398,0.858380,0.133982,0.490725,-0.066497,664215.40,,,,,,,,,,,,,,,,,,,,,,,,,,
-0.2818,-0.1524,0.6768,-0.2443,-0.0595,0.7419,-0.7599,0.1444,0.5396,0.858193,0.134032,0.491009,-0.066713,664231.40,,,,,,,,,,,,,,,,,,,,,,,,,,
-0.2818,-0.1524,0.6768,-0.2443,-0.0595,0.7418,-0.7598,0.1443,0.5394,0.858049,0.134088,0.491205,-0.067011,664248.50,,,,,,,,,,,,,,,,,,,,,,,,,,
-0.2864,-0.1514,0.6716,-0.2489,-0.0585,0.7367,-0.7598,0.1443,0.5393,0.857973,0.134058,0.491308,-0.067286,664265.40,,,,,,,,,,,,,,,,,,,,,,,,,,
-0.2864,-0.1514,0.6716,-0.2489,-0.0585,0.7367,-0.7597,0.1442,0.5392,0.858057,0.134086,0.491156,-0.067268,664281.40,,,,,,,,,,,,,,,,,,,,,,,,,,
-0.2863,-0.1516,0.6702,-0.2488,-0.0587,0.7353,-0.7597,0.1442,0.5391,0.858131,0.133993,0.491057,-0.067237,664298.40,,,,,,,,,,,,,,,,,,,,,,,,,,
-0.2863,-0.1516,0.6702,-0.2488,-0.0587,0.7353,-0.7597,0.1441,0.5390,0.858073,0.133989,0.491154,-0.067278,664314.90,,,,,,,,,,,,,,,,,,,,,,,,,,
-0.2862,-0.1517,0.6691,-0.2486,-0.0587,0.7341,-0.7597,0.1441,0.5388,0.857865,0.134151,0.491455,-0.067397,664331.80,,,,,,,,,,,,,,,,,,,,,,,,,,
-0.2862,-0.1517,0.6691,-0.2486,-0.0587,0.7341,-0.7596,0.1441,0.5386,0.857639,0.134005,0.491907,-0.067274,664348.20,,,,,,,,,,,,,,,,,,,,,,,,,,
-0.2858,-0.1518,0.6679,-0.2481,-0.0589,0.7329,-0.7596,0.1442,0.5385,0.857344,0.133914,0.492480,-0.067020,664365.30,,,,,,,,,,,,,,,,,,,,,,,,,,
-0.2858,-0.1518,0.6679,-0.2480,-0.0589,0.7328,-0.7596,0.1442,0.5383,0.857176,0.133746,0.492846,-0.066822,664381.40,,,,,,,,,,,,,,,,,,,,,,,,,,
-0.2846,-0.1523,0.6655,-0.2468,-0.0593,0.7304,-0.7596,0.1443,0.5381,0.856935,0.133259,0.493374,-0.066985,664398.40,,,,,,,,,,,,,,,,,,,,,,,,,,
-0.2846,-0.1523,0.6655,-0.2467,-0.0593,0.7303,-0.7596,0.1444,0.5379,0.856657,0.133015,0.493919,-0.067007,664415.30,,,,,,,,,,,,,,,,,,,,,,,,,,
-0.2841,-0.1525,0.6647,-0.2461,-0.0595,0.7295,-0.7596,0.1445,0.5378,0.856499,0.132803,0.494267,-0.066881,664431.80,,,,,,,,,,,,,,,,,,,,,,,,,,
-0.2841,-0.1525,0.6647,-0.2461,-0.0595,0.7295,-0.7596,0.1447,0.5376,0.856416,0.132461,0.494550,-0.066531,664448.00,,,,,,,,,,,,,,,,,,,,,,,,,,
-0.2836,-0.1536,0.6611,-0.2456,-0.0606,0.7259,-0.7596,0.1448,0.5375,0.856396,0.132148,0.494705,-0.066253,664465.10,,,,,,,,,,,,,,,,,,,,,,,,,,
-0.2836,-0.1536,0.6611,-0.2456,-0.0606,0.7259,-0.7594,0.1448,0.5374,0.856349,0.131919,0.494836,-0.066349,664481.30,,,,,,,,,,,,,,,,,,,,,,,,,,
-0.2838,-0.1540,0.6589,-0.2457,-0.0611,0.7237,-0.7594,0.1448,0.5372,0.856253,0.131792,0.494975,-0.066804,664498.30,,,,,,,,,,,,,,,,,,,,,,,,,,
-0.2838,-0.1540,0.6589,-0.2457,-0.0611,0.7237,-0.7595,0.1447,0.5371,0.856083,0.131684,0.495260,-0.067079,664514.80,,,,,,,,,,,,,,,,,,,,,,,,,,
-0.2834,-0.1543,0.6572,-0.2453,-0.0613,0.7220,-0.7594,0.1447,0.5369,0.855971,0.131615,0.495410,-0.067527,664531.70,,,,,,,,,,,,,,,,,,,,,,,,,,
-0.2833,-0.1545,0.6547,-0.2452,-0.0616,0.7194,-0.7594,0.1446,0.5368,0.855813,0.131584,0.495654,-0.067794,664548.30,,,,,,,,,,,,,,,,,,,,,,,,,,
-0.2833,-0.1545,0.6547,-0.2451,-0.0616,0.7194,-0.7594,0.1446,0.5366,0.855538,0.131676,0.496051,-0.068182,664565.10,,,,,,,,,,,,,,,,,,,,,,,,,,
-0.2832,-0.1547,0.6541,-0.2449,-0.0617,0.7188,-0.7593,0.1445,0.5364,0.855309,0.131744,0.496415,-0.068282,664581.80,,,,,,,,,,,,,,,,,,,,,,,,,,
-0.2832,-0.1547,0.6541,-0.2449,-0.0617,0.7188,-0.7593,0.1445,0.5363,0.855192,0.131811,0.496595,-0.068309,664598.20,,,,,,,,,,,,,,,,,,,,,,,,,,
-0.2823,-0.1550,0.6525,-0.2440,-0.0620,0.7171,-0.7593,0.1445,0.5362,0.855268,0.131710,0.496484,-0.068367,664615.10,,,,,,,,,,,,,,,,,,,,,,,,,,
-0.2823,-0.1550,0.6525,-0.2440,-0.0620,0.7171,-0.7594,0.1444,0.5362,0.855287,0.131471,0.496467,-0.068705,664631.30,,,,,,,,,,,,,,,,,,,,,,,,,,
-0.2821,-0.1550,0.6522,-0.2439,-0.0620,0.7168,-0.7594,0.1445,0.5362,0.855357,0.131323,0.496370,-0.068817,664648.40,,,,,,,,,,,,,,,,,,,,,,,,,,
-0.2821,-0.1550,0.6522,-0.2439,-0.0620,0.7168,-0.7594,0.1445,0.5362,0.855406,0.131133,0.496334,-0.068828,664664.90,,,,,,,,,,,,,,,,,,,,,,,,,,
-0.2815,-0.1550,0.6506,-0.2433,-0.0621,0.7153,-0.7594,0.1446,0.5361,0.855434,0.131071,0.496287,-0.068937,664681.20,,,,,,,,,,,,,,,,,,,,,,,,,,
-0.2815,-0.1550,0.6506,-0.2433,-0.0621,0.7152,-0.7593,0.1446,0.5360,0.855377,0.130975,0.496433,-0.068780,664698.50,,,,,,,,,,,,,,,,,,,,,,,,,,
-0.2815,-0.1551,0.6503,-0.2432,-0.0622,0.7149,-0.7593,0.1446,0.5359,0.855174,0.131057,0.496771,-0.068701,664714.90,,,,,,,,,,,,,,,,,,,,,,,,,,
-0.2815,-0.1551,0.6503,-0.2432,-0.0622,0.7149,-0.7593,0.1446,0.5358,0.855025,0.131028,0.497013,-0.068861,664731.30,,,,,,,,,,,,,,,,,,,,,,,,,,
-0.2810,-0.1556,0.6488,-0.2426,-0.0626,0.7134,-0.7593,0.1446,0.5357,0.854929,0.130958,0.497176,-0.069012,664748.30,,,,,,,,,,,,,,,,,,,,,,,,,,
-0.2810,-0.1556,0.6488,-0.2426,-0.0626,0.7134,-0.7594,0.1445,0.5357,0.854876,0.130976,0.497232,-0.069231,664764.40,,,,,,,,,,,,,,,,,,,,,,,,,,
-0.2809,-0.1556,0.6484,-0.2425,-0.0627,0.7130,-0.7594,0.1444,0.5356,0.854870,0.131024,0.497215,-0.069339,664781.10,,,,,,,,,,,,,,,,,,,,,,,,,,
-0.2809,-0.1556,0.6484,-0.2426,-0.0627,0.7130,-0.7595,0.1443,0.5357,0.854870,0.131026,0.497183,-0.069560,664798.00,,,,,,,,,,,,,,,,,,,,,,,,,,
-0.2821,-0.1556,0.6459,-0.2437,-0.0627,0.7105,-0.7595,0.1443,0.5356,0.854848,0.131165,0.497163,-0.069708,664814.60,,,,,,,,,,,,,,,,,,,,,,,,,,
-0.2821,-0.1556,0.6459,-0.2437,-0.0627,0.7105,-0.7595,0.1443,0.5356,0.854822,0.131259,0.497190,-0.069662,664830.60,,,,,,,,,,,,,,,,,,,,,,,,,,
-0.2821,-0.1556,0.6459,-0.2437,-0.0627,0.7105,-0.7595,0.1443,0.5356,0.854889,0.131165,0.497140,-0.069377,664847.80,,,,,,,,,,,,,,,,,,,,,,,,,,
-0.2821,-0.1556,0.6459,-0.2437,-0.0627,0.7105,-0.7595,0.1443,0.5356,0.854941,0.131205,0.497065,-0.069196,664864.90,,,,,,,,,,,,,,,,,,,,,,,,,,
-0.2736,-0.1588,0.6484,-0.2353,-0.0658,0.7130,-0.7595,0.1443,0.5356,0.855075,0.131175,0.496855,-0.069095,664881.50,,,,,,,,,,,,,,,,,,,,,,,,,,
-0.2736,-0.1588,0.6484,-0.2353,-0.0658,0.7130,-0.7595,0.1443,0.5356,0.855025,0.130984,0.496910,-0.069682,664897.50,,,,,,,,,,,,,,,,,,,,,,,,,,
-0.2718,-0.1597,0.6489,-0.2335,-0.0668,0.7135,-0.7595,0.1444,0.5357,0.854929,0.130854,0.497049,-0.070115,664914.30,,,,,,,,,,,,,,,,,,,,,,,,,,
-0.2718,-0.1597,0.6489,-0.2335,-0.0668,0.7135,-0.7595,0.1444,0.5356,0.854878,0.130770,0.497179,-0.069974,664931.00,,,,,,,,,,,,,,,,,,,,,,,,,,
-0.2727,-0.1595,0.6479,-0.2343,-0.0666,0.7125,-0.7595,0.1444,0.5356,0.854821,0.130716,0.497332,-0.069677,664947.90,,,,,,,,,,,,,,,,,,,,,,,,,,
-0.2727,-0.1595,0.6479,-0.2343,-0.0666,0.7125,-0.7596,0.1444,0.5356,0.854810,0.130712,0.497389,-0.069411,664965.80,,,,,,,,,,,,,,,,,,,,,,,,,,
-0.2742,-0.1589,0.6469,-0.2358,-0.0660,0.7115,-0.7597,0.1444,0.5356,0.854823,0.130682,0.497387,-0.069324,664981.30,,,,,,,,,,,,,,,,,,,,,,,,,,
-0.2742,-0.1589,0.6469,-0.2358,-0.0660,0.7115,-0.7597,0.1443,0.5356,0.854861,0.130678,0.497333,-0.069259,664998.10,,,,,,,,,,,,,,,,,,,,,,,,,,
-0.2767,-0.1580,0.6450,-0.2383,-0.0651,0.7096,-0.7597,0.1443,0.5357,0.854871,0.130580,0.497321,-0.069397,665014.60,,,,,,,,,,,,,,,,,,,,,,,,,,
-0.2767,-0.1580,0.6450,-0.2383,-0.0651,0.7096,-0.7595,0.1444,0.5358,0.854845,0.130486,0.497380,-0.069473,665030.90,,,,,,,,,,,,,,,,,,,,,,,,,,
-0.2777,-0.1579,0.6442,-0.2394,-0.0650,0.7088,-0.7595,0.1444,0.5358,0.854791,0.130573,0.497459,-0.069409,665048.30,,,,,,,,,,,,,,,,,,,,,,,,,,
-0.2777,-0.1579,0.6442,-0.2394,-0.0650,0.7088,-0.7595,0.1444,0.5358,0.854753,0.130855,0.497429,-0.069557,665064.60,,,,,,,,,,,,,,,,,,,,,,,,,,
-0.2778,-0.1579,0.6442,-0.2394,-0.0650,0.7088,-0.7595,0.1444,0.5358,0.854700,0.130858,0.497519,-0.069571,665080.90,,,,,,,,,,,,,,,,,,,,,,,,,,
-0.2778,-0.1579,0.6442,-0.2394,-0.0650,0.7088,-0.7595,0.1444,0.5358,0.854656,0.131014,0.497585,-0.069340,665097.20,,,,,,,,,,,,,,,,,,,,,,,,,,
-0.2782,-0.1577,0.6441,-0.2398,-0.0647,0.7086,-0.7595,0.1444,0.5358,0.854623,0.131111,0.497622,-0.069303,665114.40,,,,,,,,,,,,,,,,,,,,,,,,,,
-0.2782,-0.1577,0.6441,-0.2398,-0.0647,0.7086,-0.7595,0.1443,0.5359,0.854578,0.130880,0.497726,-0.069547,665130.70,,,,,,,,,,,,,,,,,,,,,,,,,,
-0.2782,-0.1576,0.6440,-0.2397,-0.0647,0.7086,-0.7595,0.1443,0.5359,0.854510,0.130896,0.497822,-0.069662,665147.30,,,,,,,,,,,,,,,,,,,,,,,,,,
-0.2782,-0.1576,0.6440,-0.2397,-0.0647,0.7086,-0.7595,0.1444,0.5359,0.854521,0.130932,0.497805,-0.069579,665163.90,,,,,,,,,,,,,,,,,,,,,,,,,,
-0.2786,-0.1576,0.6437,-0.2402,-0.0647,0.7083,-0.7595,0.1444,0.5359,0.854623,0.131087,0.497634,-0.069258,665181.00,,,,,,,,,,,,,,,,,,,,,,,,,,
-0.2786,-0.1576,0.6437,-0.2402,-0.0647,0.7083,-0.7594,0.1443,0.5359,0.854632,0.131092,0.497637,-0.069120,665197.20,,,,,,,,,,,,,,,,,,,,,,,,,,
-0.2790,-0.1576,0.6435,-0.2405,-0.0647,0.7080,-0.7594,0.1443,0.5359,0.854527,0.131055,0.497787,-0.069401,665214.40,,,,,,,,,,,,,,,,,,,,,,,,,,
-0.2790,-0.1576,0.6435,-0.2406,-0.0646,0.7080,-0.7594,0.1443,0.5359,0.854443,0.131057,0.497900,-0.069624,665231.10,,,,,,,,,,,,,,,,,,,,,,,,,,
-0.2790,-0.1576,0.6435,-0.2405,-0.0646,0.7080,-0.7593,0.1443,0.5359,0.854323,0.130899,0.498099,-0.069958,665247.40,,,,,,,,,,,,,,,,,,,,,,,,,,
-0.2790,-0.1576,0.6436,-0.2405,-0.0647,0.7081,-0.7593,0.1443,0.5359,0.854278,0.130819,0.498177,-0.070108,665264.80,,,,,,,,,,,,,,,,,,,,,,,,,,
-0.2790,-0.1576,0.6436,-0.2405,-0.0647,0.7080,-0.7592,0.1443,0.5359,0.854175,0.130742,0.498400,-0.069920,665280.90,,,,,,,,,,,,,,,,,,,,,,,,,,
-0.2790,-0.1576,0.6436,-0.2405,-0.0646,0.7081,-0.7592,0.1443,0.5359,0.854081,0.130915,0.498519,-0.069901,665297.50,,,,,,,,,,,,,,,,,,,,,,,,,,
-0.2790,-0.1576,0.6436,-0.2405,-0.0646,0.7081,-0.7592,0.1443,0.5359,0.854049,0.131074,0.498534,-0.069888,665314.50,,,,,,,,,,,,,,,,,,,,,,,,,,
-0.2790,-0.1576,0.6437,-0.2405,-0.0646,0.7081,-0.7592,0.1443,0.5360,0.854128,0.131110,0.498414,-0.069711,665330.80,,,,,,,,,,,,,,,,,,,,,,,,,,
-0.2790,-0.1576,0.6437,-0.2405,-0.0646,0.7081,-0.7592,0.1442,0.5360,0.854089,0.131170,0.498481,-0.069591,665347.40,,,,,,,,,,,,,,,,,,,,,,,,,,
-0.2860,-0.1528,0.6420,-0.2475,-0.0598,0.7065,-0.7592,0.1442,0.5361,0.854045,0.131301,0.498505,-0.069711,665364.30,,,,,,,,,,,,,,,,,,,,,,,,,,
-0.2860,-0.1528,0.6420,-0.2474,-0.0598,0.7065,-0.7592,0.1442,0.5361,0.853974,0.131450,0.498595,-0.069658,665380.70,,,,,,,,,,,,,,,,,,,,,,,,,,
-0.2881,-0.1511,0.6412,-0.2495,-0.0582,0.7057,-0.7591,0.1442,0.5360,0.853964,0.131671,0.498545,-0.069725,665397.50,,,,,,,,,,,,,,,,,,,,,,,,,,
-0.2881,-0.1511,0.6412,-0.2495,-0.0582,0.7057,-0.7592,0.1441,0.5361,0.853866,0.131796,0.498689,-0.069661,665414.30,,,,,,,,,,,,,,,,,,,,,,,,,,
-0.2880,-0.1511,0.6413,-0.2494,-0.0582,0.7058,-0.7591,0.1441,0.5360,0.853849,0.131954,0.498659,-0.069784,665430.80,,,,,,,,,,,,,,,,,,,,,,,,,,
-0.2880,-0.1511,0.6413,-0.2494,-0.0582,0.7058,-0.7591,0.1441,0.5361,0.853871,0.131839,0.498661,-0.069716,665447.30,,,,,,,,,,,,,,,,,,,,,,,,,,
-0.2938,-0.1474,0.6392,-0.2553,-0.0545,0.7037,-0.7590,0.1441,0.5360,0.853925,0.131793,0.498580,-0.069719,665464.60,,,,,,,,,,,,,,,,,,,,,,,,,,
-0.2938,-0.1474,0.6392,-0.2553,-0.0545,0.7037,-0.7590,0.1441,0.5360,0.853885,0.131854,0.498618,-0.069827,665481.40,,,,,,,,,,,,,,,,,,,,,,,,,,
-0.2955,-0.1465,0.6381,-0.2569,-0.0536,0.7026,-0.7591,0.1440,0.5360,0.853901,0.131741,0.498592,-0.070028,665499.00,,,,,,,,,,,,,,,,,,,,,,,,,,
-0.2955,-0.1465,0.6381,-0.2569,-0.0536,0.7026,-0.7591,0.1441,0.5360,0.853802,0.131768,0.498732,-0.070179,665515.40,,,,,,,,,,,,,,,,,,,,,,,,,,
-0.2970,-0.1459,0.6369,-0.2584,-0.0529,0.7013,-0.7591,0.1441,0.5360,0.853804,0.131747,0.498745,-0.070112,665530.90,,,,,,,,,,,,,,,,,,,,,,,,,,
-0.2970,-0.1459,0.6369,-0.2584,-0.0529,0.7013,-0.7592,0.1441,0.5360,0.853840,0.131688,0.498748,-0.069750,665547.50,,,,,,,,,,,,,,,,,,,,,,,,,,
-0.2912,-0.1519,0.6372,-0.2526,-0.0589,0.7017,-0.7593,0.1441,0.5361,0.853905,0.131629,0.498679,-0.069564,665564.10,,,,,,,,,,,,,,,,,,,,,,,,,,
-0.2912,-0.1519,0.6372,-0.2526,-0.0589,0.7017,-0.7593,0.1442,0.5361,0.853933,0.131687,0.498635,-0.069437,665580.90,,,,,,,,,,,,,,,,,,,,,,,,,,
-0.2883,-0.1536,0.6374,-0.2497,-0.0606,0.7019,-0.7591,0.1443,0.5362,0.853955,0.131641,0.498577,-0.069660,665597.10,,,,,,,,,,,,,,,,,,,,,,,,,,
-0.2883,-0.1536,0.6374,-0.2497,-0.0606,0.7019,-0.7591,0.1443,0.5363,0.853843,0.131591,0.498723,-0.070086,665614.40,,,,,,,,,,,,,,,,,,,,,,,,,,
-0.2883,-0.1537,0.6374,-0.2497,-0.0607,0.7018,-0.7592,0.1443,0.5363,0.853746,0.131796,0.498827,-0.070138,665630.60,,,,,,,,,,,,,,,,,,,,,,,,,,
-0.2883,-0.1537,0.6374,-0.2497,-0.0607,0.7018,-0.7593,0.1442,0.5363,0.853748,0.131839,0.498854,-0.069843,665647.10,,,,,,,,,,,,,,,,,,,,,,,,,,
-0.2779,-0.1591,0.6421,-0.2393,-0.0662,0.7066,-0.7593,0.1443,0.5363,0.853769,0.131811,0.498868,-0.069539,665664.30,,,,,,,,,,,,,,,,,,,,,,,,,,
-0.2779,-0.1591,0.6421,-0.2393,-0.0662,0.7066,-0.7594,0.1443,0.5364,0.853743,0.131578,0.498968,-0.069575,665680.40,,,,,,,,,,,,,,,,,,,,,,,,,,
-0.2707,-0.1608,0.6470,-0.2320,-0.0679,0.7115,-0.7594,0.1443,0.5364,0.853675,0.131556,0.499092,-0.069564,665697.10,,,,,,,,,,,,,,,,,,,,,,,,,,
-0.2707,-0.1608,0.6470,-0.2320,-0.0679,0.7115,-0.7595,0.1443,0.5364,0.853635,0.131615,0.499170,-0.069378,665714.00,,,,,,,,,,,,,,,,,,,,,,,,,,
-0.2656,-0.1610,0.6507,-0.2270,-0.0681,0.7151,-0.7596,0.1443,0.5364,0.853640,0.131710,0.499168,-0.069153,665730.50,,,,,,,,,,,,,,,,,,,,,,,,,,
-0.2656,-0.1610,0.6507,-0.2270,-0.0681,0.7151,-0.7597,0.1443,0.5364,0.853743,0.131624,0.499040,-0.068977,665747.20,,,,,,,,,,,,,,,,,,,,,,,,,,
-0.2698,-0.1595,0.6483,-0.2312,-0.0665,0.7127,-0.7598,0.1443,0.5365,0.853789,0.131720,0.498943,-0.068919,665764.40,,,,,,,,,,,,,,,,,,,,,,,,,,
-0.2698,-0.1595,0.6483,-0.2312,-0.0665,0.7127,-0.7599,0.1443,0.5365,0.853758,0.131556,0.499016,-0.069097,665780.40,,,,,,,,,,,,,,,,,,,,,,,,,,
-0.2715,-0.1591,0.6474,-0.2328,-0.0661,0.7118,-0.7598,0.1443,0.5365,0.853824,0.131800,0.498848,-0.069028,665797.10,,,,,,,,,,,,,,,,,,,,,,,,,,
-0.2715,-0.1591,0.6474,-0.2328,-0.0661,0.7118,-0.7599,0.1444,0.5365,0.853901,0.131829,0.498742,-0.068787,665814.00,,,,,,,,,,,,,,,,,,,,,,,,,,
-0.2732,-0.1585,0.6464,-0.2346,-0.0656,0.7109,-0.7600,0.1444,0.5365,0.853935,0.131717,0.498722,-0.068722,665830.30,,,,,,,,,,,,,,,,,,,,,,,,,,
-0.2732,-0.1585,0.6464,-0.2346,-0.0656,0.7109,-0.7600,0.1444,0.5365,0.853912,0.131666,0.498790,-0.068610,665847.10,,,,,,,,,,,,,,,,,,,,,,,,,,
-0.2732,-0.1585,0.6464,-0.2346,-0.0656,0.7109,-0.7600,0.1444,0.5365,0.853948,0.131699,0.498769,-0.068250,665863.60,,,,,,,,,,,,,,,,,,,,,,,,,,
-0.2732,-0.1585,0.6464,-0.2346,-0.0656,0.7109,-0.7601,0.1445,0.5365,0.854056,0.131839,0.498586,-0.067970,665880.80,,,,,,,,,,,,,,,,,,,,,,,,,,
-0.2738,-0.1583,0.6461,-0.2352,-0.0654,0.7105,-0.7602,0.1445,0.5366,0.854034,0.131968,0.498600,-0.067884,665897.30,,,,,,,,,,,,,,,,,,,,,,,,,,
-0.2746,-0.1581,0.6456,-0.2360,-0.0651,0.7101,-0.7603,0.1445,0.5366,0.854107,0.131938,0.498479,-0.067920,665913.80,,,,,,,,,,,,,,,,,,,,,,,,,,
-0.2746,-0.1581,0.6456,-0.2360,-0.0651,0.7101,-0.7603,0.1445,0.5366,0.854174,0.131650,0.498429,-0.067993,665930.20,,,,,,,,,,,,,,,,,,,,,,,,,,
-0.2762,-0.1576,0.6447,-0.2376,-0.0646,0.7092,-0.7603,0.1445,0.5367,0.854262,0.131574,0.498318,-0.067863,665947.20,,,,,,,,,,,,,,,,,,,,,,,,,,
-0.2762,-0.1576,0.6447,-0.2376,-0.0646,0.7092,-0.7603,0.1445,0.5367,0.854260,0.131553,0.498343,-0.067736,665963.80,,,,,,,,,,,,,,,,,,,,,,,,,,
-0.2720,-0.1601,0.6462,-0.2334,-0.0671,0.7106,-0.7604,0.1445,0.5367,0.854243,0.131616,0.498372,-0.067608,665980.90,,,,,,,,,,,,,,,,,,,,,,,,,,
-0.2720,-0.1601,0.6462,-0.2334,-0.0671,0.7106,-0.7604,0.1445,0.5366,0.854170,0.131711,0.498458,-0.067717,665996.80,,,,,,,,,,,,,,,,,,,,,,,,,,
-0.2692,-0.1613,0.6471,-0.2306,-0.0684,0.7116,-0.7604,0.1445,0.5366,0.854040,0.131745,0.498678,-0.067667,666013.80,,,,,,,,,,,,,,,,,,,,,,,,,,
-0.2692,-0.1613,0.6471,-0.2306,-0.0684,0.7116,-0.7604,0.1445,0.5367,0.853972,0.131736,0.498790,-0.067717,666030.30,,,,,,,,,,,,,,,,,,,,,,,,,,
-0.2676,-0.1622,0.6480,-0.2289,-0.0692,0.7124,-0.7604,0.1445,0.5367,0.854007,0.131730,0.498741,-0.067656,666048.20,,,,,,,,,,,,,,,,,,,,,,,,,,
-0.2676,-0.1622,0.6480,-0.2289,-0.0692,0.7124,-0.7604,0.1445,0.5367,0.854027,0.131885,0.498659,-0.067696,666063.80,,,,,,,,,,,,,,,,,,,,,,,,,,
-0.2722,-0.1610,0.6447,-0.2336,-0.0680,0.7091,-0.7605,0.1445,0.5368,0.854154,0.131785,0.498483,-0.067590,666080.60,,,,,,,,,,,,,,,,,,,,,,,,,,
-0.2722,-0.1610,0.6447,-0.2337,-0.0680,0.7091,-0.7605,0.1445,0.5369,0.854272,0.131778,0.498314,-0.067359,666097.30,,,,,,,,,,,,,,,,,,,,,,,,,,
-0.2725,-0.1611,0.6445,-0.2339,-0.0681,0.7090,-0.7605,0.1445,0.5370,0.854345,0.131851,0.498191,-0.067204,666113.90,,,,,,,,,,,,,,,,,,,,,,,,,,
-0.2725,-0.1611,0.6445,-0.2339,-0.0681,0.7090,-0.7605,0.1445,0.5371,0.854346,0.131901,0.498188,-0.067107,666130.50,,,,,,,,,,,,,,,,,,,,,,,,,,
-0.2726,-0.1611,0.6446,-0.2340,-0.0682,0.7090,-0.7605,0.1445,0.5371,0.854266,0.131980,0.498281,-0.067277,666147.90,,,,,,,,,,,,,,,,,,,,,,,,,,
-0.2726,-0.1611,0.6446,-0.2340,-0.0682,0.7090,-0.7603,0.1446,0.5372,0.854180,0.131982,0.498448,-0.067137,666163.80,,,,,,,,,,,,,,,,,,,,,,,,,,
-0.2851,-0.1549,0.6398,-0.2465,-0.0619,0.7043,-0.7603,0.1446,0.5372,0.854131,0.131972,0.498541,-0.067089,666180.20,,,,,,,,,,,,,,,,,,,,,,,,,,
-0.2851,-0.1549,0.6398,-0.2465,-0.0619,0.7043,-0.7603,0.1446,0.5373,0.854115,0.132021,0.498577,-0.066927,666196.90,,,,,,,,,,,,,,,,,,,,,,,,,,
-0.2922,-0.1503,0.6370,-0.2536,-0.0573,0.7014,-0.7603,0.1445,0.5373,0.854112,0.132157,0.498564,-0.066791,666213.90,,,,,,,,,,,,,,,,,,,,,,,,,,
-0.2922,-0.1503,0.6370,-0.2536,-0.0573,0.7014,-0.7603,0.1445,0.5374,0.854107,0.132326,0.498516,-0.066887,666230.30,,,,,,,,,,,,,,,,,,,,,,,,,,
-0.2973,-0.1473,0.6360,-0.2587,-0.0544,0.7004,-0.7603,0.1445,0.5375,0.854098,0.132495,0.498496,-0.066813,666246.60,,,,,,,,,,,,,,,,,,,,,,,,,,
-0.2973,-0.1473,0.6360,-0.2587,-0.0544,0.7004,-0.7602,0.1445,0.5375,0.854184,0.132391,0.498427,-0.066432,666263.60,,,,,,,,,,,,,,,,,,,,,,,,,,
-0.2973,-0.1473,0.6361,-0.2587,-0.0544,0.7005,-0.7601,0.1445,0.5376,0.854285,0.132247,0.498332,-0.066140,666280.80,,,,,,,,,,,,,,,,,,,,,,,,,,
-0.2973,-0.1473,0.6361,-0.2587,-0.0544,0.7005,-0.7600,0.1446,0.5377,0.854305,0.132422,0.498276,-0.065948,666296.80,,,,,,,,,,,,,,,,,,,,,,,,,,
-0.2972,-0.1472,0.6363,-0.2586,-0.0542,0.7007,-0.7599,0.1446,0.5378,0.854310,0.132496,0.498212,-0.066216,666313.80,,,,,,,,,,,,,,,,,,,,,,,,,,
-0.2972,-0.1472,0.6363,-0.2586,-0.0542,0.7007,-0.7598,0.1445,0.5378,0.854224,0.132464,0.498280,-0.066878,666330.40,,,,,,,,,,,,,,,,,,,,,,,,,,
-0.2978,-0.1456,0.6363,-0.2593,-0.0527,0.7008,-0.7597,0.1445,0.5379,0.854177,0.132693,0.498254,-0.067214,666346.70,,,,,,,,,,,,,,,,,,,,,,,,,,
-0.2978,-0.1456,0.6363,-0.2593,-0.0527,0.7008,-0.7596,0.1444,0.5379,0.854208,0.132983,0.498112,-0.067292,666363.70,,,,,,,,,,,,,,,,,,,,,,,,,,
-0.2914,-0.1486,0.6399,-0.2529,-0.0557,0.7044,-0.7596,0.1444,0.5380,0.854291,0.133173,0.497931,-0.067204,666380.30,,,,,,,,,,,,,,,,,,,,,,,,,,
-0.2914,-0.1486,0.6399,-0.2529,-0.0557,0.7044,-0.7595,0.1444,0.5380,0.854314,0.133290,0.497881,-0.067056,666396.60,,,,,,,,,,,,,,,,,,,,,,,,,,
-0.2882,-0.1498,0.6406,-0.2497,-0.0569,0.7051,-0.7595,0.1443,0.5381,0.854295,0.133421,0.497874,-0.067088,666412.70,,,,,,,,,,,,,,,,,,,,,,,,,,
-0.2882,-0.1498,0.6406,-0.2497,-0.0569,0.7051,-0.7594,0.1443,0.5382,0.854342,0.133573,0.497750,-0.067106,666429.70,,,,,,,,,,,,,,,,,,,,,,,,,,
-0.2825,-0.1509,0.6447,-0.2440,-0.0580,0.7092,-0.7594,0.1442,0.5382,0.854415,0.133686,0.497608,-0.067001,666446.60,,,,,,,,,,,,,,,,,,,,,,,,,,
-0.2825,-0.1509,0.6447,-0.2440,-0.0580,0.7092,-0.7594,0.1442,0.5383,0.854403,0.133867,0.497604,-0.066825,666462.90,,,,,,,,,,,,,,,,,,,,,,,,,,
-0.2815,-0.1510,0.6456,-0.2430,-0.0581,0.7101,-0.7594,0.1442,0.5383,0.854412,0.134160,0.497522,-0.066736,666480.30,,,,,,,,,,,,,,,,,,,,,,,,,,
-0.2815,-0.1510,0.6456,-0.2430,-0.0581,0.7102,-0.7594,0.1442,0.5384,0.854464,0.134204,0.497420,-0.066749,666496.30,,,,,,,,,,,,,,,,,,,,,,,,,,
-0.2802,-0.1507,0.6472,-0.2417,-0.0577,0.7118,-0.7594,0.1442,0.5384,0.854588,0.134086,0.497246,-0.066683,666513.20,,,,,,,,,,,,,,,,,,,,,,,,,,
-0.2802,-0.1507,0.6472,-0.2418,-0.0577,0.7118,-0.7594,0.1443,0.5385,0.854720,0.134182,0.497039,-0.066337,666529.90,,,,,,,,,,,,,,,,,,,,,,,,,,
-0.2791,-0.1499,0.6487,-0.2407,-0.0570,0.7133,-0.7595,0.1444,0.5386,0.854914,0.133800,0.496829,-0.066190,666546.60,,,,,,,,,,,,,,,,,,,,,,,,,,
-0.2791,-0.1499,0.6487,-0.2407,-0.0570,0.7133,-0.7595,0.1445,0.5386,0.855068,0.133277,0.496703,-0.066193,666563.60,,,,,,,,,,,,,,,,,,,,,,,,,,
-0.2783,-0.1490,0.6498,-0.2400,-0.0560,0.7144,-0.7596,0.1446,0.5387,0.855179,0.133141,0.496567,-0.066058,666579.80,,,,,,,,,,,,,,,,,,,,,,,,,,
-0.2783,-0.1490,0.6498,-0.2400,-0.0560,0.7145,-0.7597,0.1447,0.5388,0.855278,0.133121,0.496448,-0.065712,666596.30,,,,,,,,,,,,,,,,,,,,,,,,,,
-0.2782,-0.1485,0.6504,-0.2400,-0.0556,0.7150,-0.7597,0.1448,0.5388,0.855512,0.132839,0.496197,-0.065129,666613.40,,,,,,,,,,,,,,,,,,,,,,,,,,
-0.2782,-0.1485,0.6504,-0.2400,-0.0556,0.7150,-0.7598,0.1449,0.5388,0.855594,0.132616,0.496171,-0.064710,666629.40,,,,,,,,,,,,,,,,,,,,,,,,,,
-0.2778,-0.1470,0.6520,-0.2396,-0.0541,0.7166,-0.7598,0.1451,0.5388,0.855661,0.132296,0.496144,-0.064680,666646.60,,,,,,,,,,,,,,,,,,,,,,,,,,
-0.2778,-0.1470,0.6520,-0.2396,-0.0541,0.7166,-0.7599,0.1451,0.5389,0.855753,0.132062,0.496051,-0.064649,666662.80,,,,,,,,,,,,,,,,,,,,,,,,,,
-0.2775,-0.1455,0.6530,-0.2392,-0.0525,0.7177,-0.7599,0.1452,0.5389,0.855825,0.131813,0.496019,-0.064452,666679.90,,,,,,,,,,,,,,,,,,,,,,,,,,
-0.2775,-0.1455,0.6530,-0.2393,-0.0525,0.7177,-0.7600,0.1452,0.5390,0.855996,0.131564,0.495806,-0.064335,666696.10,,,,,,,,,,,,,,,,,,,,,,,,,,
-0.2774,-0.1452,0.6531,-0.2392,-0.0523,0.7178,-0.7601,0.1452,0.5391,0.856071,0.131657,0.495663,-0.064247,666712.80,,,,,,,,,,,,,,,,,,,,,,,,,,
-0.2774,-0.1452,0.6531,-0.2392,-0.0523,0.7178,-0.7602,0.1452,0.5391,0.856070,0.131863,0.495610,-0.064243,666729.80,,,,,,,,,,,,,,,,,,,,,,,,,,
-0.2775,-0.1448,0.6535,-0.2393,-0.0519,0.7182,-0.7603,0.1452,0.5392,0.856070,0.131856,0.495619,-0.064189,666747.10,,,,,,,,,,,,,,,,,,,,,,,,,,
-0.2775,-0.1448,0.6535,-0.2393,-0.0519,0.7182,-0.7603,0.1452,0.5393,0.856035,0.131981,0.495665,-0.064034,666762.70,,,,,,,,,,,,,,,,,,,,,,,,,,
-0.2776,-0.1448,0.6537,-0.2394,-0.0518,0.7183,-0.7603,0.1452,0.5393,0.856038,0.131913,0.495700,-0.063876,666780.00,,,,,,,,,,,,,,,,,,,,,,,,,,
-0.2776,-0.1448,0.6537,-0.2394,-0.0518,0.7183,-0.7603,0.1452,0.5394,0.856035,0.132010,0.495688,-0.063800,666796.00,,,,,,,,,,,,,,,,,,,,,,,,,,
-0.2724,-0.1454,0.6588,-0.2342,-0.0524,0.7234,-0.7603,0.1452,0.5395,0.856022,0.132202,0.495646,-0.063904,666812.90,,,,,,,,,,,,,,,,,,,,,,,,,,
-0.2724,-0.1454,0.6588,-0.2342,-0.0524,0.7234,-0.7603,0.1452,0.5396,0.855979,0.132210,0.495702,-0.064026,666829.50,,,,,,,,,,,,,,,,,,,,,,,,,,
-0.2700,-0.1462,0.6599,-0.2318,-0.0532,0.7245,-0.7603,0.1452,0.5396,0.855982,0.132597,0.495603,-0.063955,666846.90,,,,,,,,,,,,,,,,,,,,,,,,,,
-0.2700,-0.1462,0.6599,-0.2318,-0.0532,0.7246,-0.7603,0.1451,0.5397,0.856040,0.132673,0.495492,-0.063887,666862.90,,,,,,,,,,,,,,,,,,,,,,,,,,
-0.2700,-0.1462,0.6599,-0.2318,-0.0532,0.7246,-0.7603,0.1451,0.5398,0.856072,0.132729,0.495445,-0.063700,666879.80,,,,,,,,,,,,,,,,,,,,,,,,,,
-0.2804,-0.1428,0.6539,-0.2422,-0.0499,0.7186,-0.7603,0.1451,0.5398,0.856049,0.132789,0.495462,-0.063748,666896.50,,,,,,,,,,,,,,,,,,,,,,,,,,
-0.2804,-0.1428,0.6539,-0.2422,-0.0499,0.7186,-0.7603,0.1451,0.5398,0.855992,0.132850,0.495545,-0.063748,666913.40,,,,,,,,,,,,,,,,,,,,,,,,,,
-0.2804,-0.1428,0.6540,-0.2422,-0.0499,0.7187,-0.7604,0.1451,0.5398,0.856005,0.132759,0.495543,-0.063783,666929.80,,,,,,,,,,,,,,,,,,,,,,,,,,
-0.2804,-0.1428,0.6540,-0.2422,-0.0499,0.7187,-0.7604,0.1452,0.5398,0.856046,0.132719,0.495514,-0.063535,666945.90,,,,,,,,,,,,,,,,,,,,,,,,,,
-0.2869,-0.1399,0.6506,-0.2487,-0.0470,0.7153,-0.7604,0.1452,0.5398,0.856077,0.132565,0.495543,-0.063216,666963.10,,,,,,,,,,,,,,,,,,,,,,,,,,
-0.2869,-0.1399,0.6506,-0.2487,-0.0470,0.7153,-0.7605,0.1453,0.5397,0.856119,0.132483,0.495500,-0.063152,666980.70,,,,,,,,,,,,,,,,,,,,,,,,,,
-0.2838,-0.1401,0.6535,-0.2456,-0.0472,0.7182,-0.7605,0.1454,0.5398,0.856197,0.132425,0.495418,-0.062868,666996.40,,,,,,,,,,,,,,,,,,,,,,,,,,
-0.2838,-0.1401,0.6535,-0.2456,-0.0472,0.7182,-0.7605,0.1455,0.5398,0.856297,0.132125,0.495370,-0.062505,667013.60,,,,,,,,,,,,,,,,,,,,,,,,,,
-0.2830,-0.1406,0.6541,-0.2448,-0.0477,0.7188,-0.7605,0.1455,0.5397,0.856271,0.132056,0.495441,-0.062444,667029.90,,,,,,,,,,,,,,,,,,,,,,,,,,
-0.2830,-0.1406,0.6541,-0.2448,-0.0477,0.7188,-0.7606,0.1455,0.5396,0.856241,0.132160,0.495458,-0.062496,667046.30,,,,,,,,,,,,,,,,,,,,,,,,,,
-0.2827,-0.1409,0.6543,-0.2445,-0.0479,0.7190,-0.7606,0.1455,0.5397,0.856236,0.132115,0.495430,-0.062884,667062.90,,,,,,,,,,,,,,,,,,,,,,,,,,
-0.2827,-0.1409,0.6543,-0.2445,-0.0479,0.7190,-0.7607,0.1455,0.5397,0.856132,0.132175,0.495571,-0.063067,667079.60,,,,,,,,,,,,,,,,,,,,,,,,,,
-0.2823,-0.1411,0.6546,-0.2441,-0.0482,0.7193,-0.7606,0.1455,0.5397,0.856159,0.132141,0.495586,-0.062648,667096.40,,,,,,,,,,,,,,,,,,,,,,,,,,
-0.2823,-0.1411,0.6546,-0.2441,-0.0482,0.7193,-0.7606,0.1456,0.5396,0.856240,0.132061,0.495456,-0.062741,667112.60,,,,,,,,,,,,,,,,,,,,,,,,,,
-0.2819,-0.1413,0.6546,-0.2437,-0.0483,0.7193,-0.7606,0.1456,0.5396,0.856192,0.131981,0.495599,-0.062439,667129.50,,,,,,,,,,,,,,,,,,,,,,,,,,
-0.2819,-0.1413,0.6546,-0.2438,-0.0483,0.7193,-0.7607,0.1457,0.5396,0.856260,0.131894,0.495479,-0.062635,667146.10,,,,,,,,,,,,,,,,,,,,,,,,,,
-0.2820,-0.1413,0.6547,-0.2439,-0.0483,0.7194,-0.7608,0.1457,0.5396,0.856389,0.131797,0.495323,-0.062308,667162.80,,,,,,,,,,,,,,,,,,,,,,,,,,
-0.2820,-0.1413,0.6547,-0.2439,-0.0483,0.7194,-0.7609,0.1457,0.5396,0.856576,0.131745,0.495057,-0.061957,667179.40,,,,,,,,,,,,,,,,,,,,,,,,,,
-0.2817,-0.1418,0.6547,-0.2436,-0.0488,0.7194,-0.7609,0.1458,0.5397,0.856783,0.131643,0.494768,-0.061619,667195.80,,,,,,,,,,,,,,,,,,,,,,,,,,
-0.2817,-0.1418,0.6547,-0.2437,-0.0488,0.7195,-0.7611,0.1458,0.5396,0.856955,0.131684,0.494479,-0.061469,667212.90,,,,,,,,,,,,,,,,,,,,,,,,,,
-0.2818,-0.1417,0.6546,-0.2438,-0.0488,0.7194,-0.7612,0.1458,0.5396,0.857024,0.131579,0.494375,-0.061566,667229.90,,,,,,,,,,,,,,,,,,,,,,,,,,
-0.2818,-0.1417,0.6546,-0.2438,-0.0488,0.7194,-0.7613,0.1458,0.5395,0.857054,0.131403,0.494358,-0.061665,667246.00,,,,,,,,,,,,,,,,,,,,,,,,,,
-0.2811,-0.1423,0.6550,-0.2431,-0.0494,0.7198,-0.7613,0.1458,0.5394,0.856999,0.131514,0.494447,-0.061473,667263.30,,,,,,,,,,,,,,,,,,,,,,,,,,
-0.2811,-0.1423,0.6550,-0.2431,-0.0494,0.7198,-0.7615,0.1459,0.5394,0.857001,0.131491,0.494490,-0.061157,667279.40,,,,,,,,,,,,,,,,,,,,,,,,,,
-0.2807,-0.1425,0.6553,-0.2427,-0.0495,0.7201,-0.7615,0.1459,0.5393,0.856955,0.131368,0.494582,-0.061317,667296.10,,,,,,,,,,,,,,,,,,,,,,,,,,
-0.2807,-0.1425,0.6553,-0.2427,-0.0495,0.7201,-0.7616,0.1459,0.5392,0.856984,0.131155,0.494604,-0.061193,667313.20,,,,,,,,,,,,,,,,,,,,,,,,,,
-0.2805,-0.1426,0.6553,-0.2424,-0.0497,0.7201,-0.7617,0.1460,0.5392,0.857084,0.130951,0.494489,-0.061156,667329.40,,,,,,,,,,,,,,,,,,,,,,,,,,
-0.2805,-0.1426,0.6553,-0.2425,-0.0497,0.7201,-0.7617,0.1460,0.5391,0.857201,0.130878,0.494309,-0.061125,667346.10,,,,,,,,,,,,,,,,,,,,,,,,,,
-0.2799,-0.1426,0.6557,-0.2419,-0.0497,0.7205,-0.7618,0.1460,0.5391,0.857261,0.130797,0.494238,-0.061027,667363.30,,,,,,,,,,,,,,,,,,,,,,,,,,
-0.2799,-0.1426,0.6557,-0.2419,-0.0497,0.7205,-0.7618,0.1460,0.5389,0.857220,0.130675,0.494344,-0.061011,667379.00,,,,,,,,,,,,,,,,,,,,,,,,,,
-0.2833,-0.1407,0.6536,-0.2453,-0.0477,0.7184,-0.7618,0.1461,0.5388,0.857136,0.130571,0.494508,-0.061089,667395.90,,,,,,,,,,,,,,,,,,,,,,,,,,
-0.2833,-0.1407,0.6536,-0.2453,-0.0477,0.7184,-0.7618,0.1461,0.5387,0.857131,0.130472,0.494530,-0.061193,667412.30,,,,,,,,,,,,,,,,,,,,,,,,,,
-0.2831,-0.1409,0.6535,-0.2451,-0.0479,0.7183,-0.7618,0.1461,0.5386,0.857197,0.130410,0.494433,-0.061173,667429.70,,,,,,,,,,,,,,,,,,,,,,,,,,
-0.2831,-0.1409,0.6535,-0.2451,-0.0479,0.7183,-0.7619,0.1461,0.5384,0.857213,0.130280,0.494424,-0.061309,667446.10,,,,,,,,,,,,,,,,,,,,,,,,,,
-0.2847,-0.1414,0.6514,-0.2467,-0.0485,0.7162,-0.7619,0.1460,0.5383,0.857069,0.130384,0.494622,-0.061504,667462.30,,,,,,,,,,,,,,,,,,,,,,,,,,
-0.2847,-0.1414,0.6514,-0.2467,-0.0485,0.7162,-0.7619,0.1460,0.5381,0.856980,0.130276,0.494784,-0.061668,667479.30,,,,,,,,,,,,,,,,,,,,,,,,,,
-0.2793,-0.1434,0.6533,-0.2412,-0.0504,0.7181,-0.7619,0.1460,0.5380,0.856890,0.130259,0.494950,-0.061618,667496.10,,,,,,,,,,,,,,,,,,,,,,,,,,
-0.2793,-0.1434,0.6533,-0.2412,-0.0504,0.7181,-0.7620,0.1460,0.5379,0.856805,0.130424,0.495069,-0.061494,667512.60,,,,,,,,,,,,,,,,,,,,,,,,,,
-0.2718,-0.1459,0.6575,-0.2337,-0.0529,0.7222,-0.7620,0.1460,0.5379,0.856786,0.130600,0.495067,-0.061402,667528.90,,,,,,,,,,,,,,,,,,,,,,,,,,
-0.2718,-0.1459,0.6575,-0.2337,-0.0529,0.7222,-0.7621,0.1459,0.5379,0.856843,0.130403,0.495045,-0.061204,667545.40,,,,,,,,,,,,,,,,,,,,,,,,,,
-0.2698,-0.1464,0.6593,-0.2317,-0.0535,0.7241,-0.7621,0.1460,0.5379,0.856986,0.130319,0.494852,-0.060938,667562.10,,,,,,,,,,,,,,,,,,,,,,,,,,
-0.2698,-0.1464,0.6593,-0.2317,-0.0535,0.7241,-0.7622,0.1460,0.5379,0.856966,0.130207,0.494931,-0.060825,667578.40,,,,,,,,,,,,,,,,,,,,,,,,,,
-0.2600,-0.1538,0.6615,-0.2219,-0.0608,0.7263,-0.7622,0.1460,0.5378,0.856864,0.130028,0.495130,-0.061020,667595.90,,,,,,,,,,,,,,,,,,,,,,,,,,
-0.2600,-0.1538,0.6615,-0.2219,-0.0608,0.7262,-0.7623,0.1460,0.5378,0.856779,0.130073,0.495253,-0.061122,667612.30,,,,,,,,,,,,,,,,,,,,,,,,,,
-0.2612,-0.1514,0.6631,-0.2230,-0.0584,0.7278,-0.7623,0.1459,0.5377,0.856723,0.130238,0.495308,-0.061101,667629.10,,,,,,,,,,,,,,,,,,,,,,,,,,
-0.2612,-0.1514,0.6631,-0.2230,-0.0584,0.7278,-0.7624,0.1459,0.5376,0.856699,0.130241,0.495351,-0.061089,667645.60,,,,,,,,,,,,,,,,,,,,,,,,,,
-0.2615,-0.1511,0.6632,-0.2233,-0.0581,0.7279,-0.7624,0.1459,0.5376,0.856659,0.130072,0.495466,-0.061079,667662.80,,,,,,,,,,,,,,,,,,,,,,,,,,
-0.2615,-0.1511,0.6632,-0.2233,-0.0581,0.7279,-0.7625,0.1459,0.5376,0.856703,0.129940,0.495413,-0.061172,667679.60,,,,,,,,,,,,,,,,,,,,,,,,,,
-0.2666,-0.1476,0.6622,-0.2285,-0.0546,0.7269,-0.7625,0.1459,0.5376,0.856722,0.129808,0.495428,-0.061068,667695.10,,,,,,,,,,,,,,,,,,,,,,,,,,
-0.2666,-0.1476,0.6622,-0.2285,-0.0546,0.7269,-0.7625,0.1459,0.5376,0.856856,0.129847,0.495195,-0.060995,667712.30,,,,,,,,,,,,,,,,,,,,,,,,,,
-0.2769,-0.1436,0.6557,-0.2388,-0.0506,0.7204,-0.7625,0.1459,0.5376,0.856855,0.129800,0.495211,-0.060967,667728.90,,,,,,,,,,,,,,,,,,,,,,,,,,
-0.2769,-0.1436,0.6557,-0.2388,-0.0506,0.7204,-0.7625,0.1459,0.5376,0.856883,0.129473,0.495253,-0.060942,667745.30,,,,,,,,,,,,,,,,,,,,,,,,,,
-0.2811,-0.1426,0.6532,-0.2429,-0.0496,0.7180,-0.7625,0.1458,0.5375,0.856856,0.129732,0.495219,-0.061041,667762.30,,,,,,,,,,,,,,,,,,,,,,,,,,
-0.2811,-0.1426,0.6532,-0.2430,-0.0496,0.7180,-0.7625,0.1458,0.5375,0.856921,0.129853,0.495041,-0.061322,667779.10,,,,,,,,,,,,,,,,,,,,,,,,,,
-0.2882,-0.1398,0.6498,-0.2501,-0.0468,0.7146,-0.7625,0.1458,0.5375,0.856860,0.129665,0.495150,-0.061679,667795.40,,,,,,,,,,,,,,,,,,,,,,,,,,
-0.2882,-0.1398,0.6498,-0.2501,-0.0468,0.7146,-0.7626,0.1458,0.5375,0.856812,0.129483,0.495240,-0.062012,667812.30,,,,,,,,,,,,,,,,,,,,,,,,,,
-0.2868,-0.1403,0.6503,-0.2487,-0.0474,0.7151,-0.7626,0.1458,0.5375,0.856783,0.129475,0.495286,-0.062062,667829.10,,,,,,,,,,,,,,,,,,,,,,,,,,
-0.2868,-0.1403,0.6503,-0.2487,-0.0474,0.7151,-0.7628,0.1460,0.5378,0.856759,0.129356,0.495376,-0.061924,667845.30,,,,,,,,,,,,,,,,,,,,,,,,,,
-0.2847,-0.1408,0.6516,-0.2466,-0.0479,0.7164,-0.7628,0.1461,0.5378,0.856847,0.129088,0.495332,-0.061612,667861.80,,,,,,,,,,,,,,,,,,,,,,,,,,
-0.2847,-0.1408,0.6516,-0.2466,-0.0479,0.7163,-0.7629,0.1461,0.5377,0.856827,0.128707,0.495489,-0.061430,667878.80,,,,,,,,,,,,,,,,,,,,,,,,,,
-0.2847,-0.1408,0.6516,-0.2466,-0.0479,0.7164,-0.7630,0.1462,0.5377,0.856919,0.128422,0.495426,-0.061246,667895.40,,,,,,,,,,,,,,,,,,,,,,,,,,
-0.2827,-0.1412,0.6532,-0.2446,-0.0482,0.7179,-0.7632,0.1462,0.5377,0.856961,0.128233,0.495432,-0.061009,667912.40,,,,,,,,,,,,,,,,,,,,,,,,,,
-0.2827,-0.1412,0.6532,-0.2446,-0.0482,0.7179,-0.7633,0.1462,0.5377,0.857009,0.128175,0.495383,-0.060844,667928.40,,,,,,,,,,,,,,,,,,,,,,,,,,
-0.2818,-0.1414,0.6539,-0.2437,-0.0485,0.7187,-0.7634,0.1462,0.5377,0.857058,0.128183,0.495326,-0.060609,667945.50,,,,,,,,,,,,,,,,,,,,,,,,,,
-0.2818,-0.1414,0.6539,-0.2437,-0.0485,0.7187,-0.7635,0.1463,0.5376,0.857170,0.128236,0.495137,-0.060457,667961.90,,,,,,,,,,,,,,,,,,,,,,,,,,
-0.2819,-0.1414,0.6540,-0.2438,-0.0485,0.7187,-0.7636,0.1463,0.5376,0.857265,0.128011,0.495065,-0.060178,667978.90,,,,,,,,,,,,,,,,,,,,,,,,,,
-0.2819,-0.1414,0.6540,-0.2438,-0.0485,0.7187,-0.7636,0.1463,0.5376,0.857280,0.128000,0.495061,-0.060010,667995.20,,,,,,,,,,,,,,,,,,,,,,,,,,
-0.2837,-0.1400,0.6540,-0.2457,-0.0470,0.7187,-0.7637,0.1463,0.5375,0.857315,0.127965,0.495014,-0.059981,668012.30,,,,,,,,,,,,,,,,,,,,,,,,,,
-0.2837,-0.1400,0.6540,-0.2457,-0.0470,0.7187,-0.7638,0.1464,0.5375,0.857221,0.127506,0.495257,-0.060290,668028.90,,,,,,,,,,,,,,,,,,,,,,,,,,
-0.2898,-0.1374,0.6514,-0.2517,-0.0445,0.7161,-0.7639,0.1464,0.5374,0.857171,0.127391,0.495386,-0.060189,668045.40,,,,,,,,,,,,,,,,,,,,,,,,,,
-0.2898,-0.1374,0.6514,-0.2517,-0.0445,0.7161,-0.7639,0.1464,0.5373,0.857103,0.127391,0.495508,-0.060156,668061.80,,,,,,,,,,,,,,,,,,,,,,,,,,
-0.2900,-0.1374,0.6513,-0.2519,-0.0444,0.7160,-0.7640,0.1465,0.5372,0.857078,0.127557,0.495532,-0.059960,668079.00,,,,,,,,,,,,,,,,,,,,,,,,,,
-0.2900,-0.1374,0.6513,-0.2519,-0.0444,0.7160,-0.7641,0.1465,0.5371,0.857067,0.127415,0.495597,-0.059880,668095.00,,,,,,,,,,,,,,,,,,,,,,,,,,
-0.2955,-0.1349,0.6486,-0.2573,-0.0419,0.7133,-0.7641,0.1465,0.5370,0.857099,0.127503,0.495514,-0.059922,668111.70,,,,,,,,,,,,,,,,,,,,,,,,,,
-0.2955,-0.1349,0.6486,-0.2573,-0.0419,0.7133,-0.7641,0.1465,0.5370,0.857148,0.127017,0.495530,-0.060118,668128.80,,,,,,,,,,,,,,,,,,,,,,,,,,
-0.2972,-0.1344,0.6473,-0.2591,-0.0414,0.7121,-0.7640,0.1465,0.5369,0.857199,0.126582,0.495542,-0.060207,668145.30,,,,,,,,,,,,,,,,,,,,,,,,,,
-0.2972,-0.1344,0.6473,-0.2591,-0.0414,0.7121,-0.7640,0.1465,0.5367,0.857166,0.126535,0.495597,-0.060326,668162.50,,,,,,,,,,,,,,,,,,,,,,,,,,
-0.2984,-0.1341,0.6463,-0.2603,-0.0411,0.7110,-0.7640,0.1465,0.5366,0.857077,0.126927,0.495619,-0.060596,668178.80,,,,,,,,,,,,,,,,,,,,,,,,,,
-0.2984,-0.1341,0.6463,-0.2603,-0.0411,0.7110,-0.7640,0.1464,0.5365,0.856962,0.127155,0.495730,-0.060827,668195.60,,,,,,,,,,,,,,,,,,,,,,,,,,
-0.2894,-0.1401,0.6480,-0.2513,-0.0472,0.7127,-0.7641,0.1463,0.5364,0.856872,0.127302,0.495824,-0.061021,668212.10,,,,,,,,,,,,,,,,,,,,,,,,,,
-0.2894,-0.1401,0.6480,-0.2513,-0.0472,0.7127,-0.7640,0.1463,0.5362,0.856831,0.127326,0.495875,-0.061127,668228.60,,,,,,,,,,,,,,,,,,,,,,,,,,
-0.2847,-0.1423,0.6490,-0.2465,-0.0493,0.7137,-0.7640,0.1463,0.5361,0.856756,0.127340,0.495980,-0.061301,668245.40,,,,,,,,,,,,,,,,,,,,,,,,,,
-0.2847,-0.1423,0.6490,-0.2465,-0.0493,0.7137,-0.7639,0.1463,0.5360,0.856708,0.127325,0.496066,-0.061311,668261.40,,,,,,,,,,,,,,,,,,,,,,,,,,
-0.2847,-0.1426,0.6488,-0.2465,-0.0497,0.7135,-0.7639,0.1463,0.5360,0.856757,0.127135,0.496013,-0.061446,668279.20,,,,,,,,,,,,,,,,,,,,,,,,,,
-0.2847,-0.1426,0.6488,-0.2466,-0.0497,0.7135,-0.7640,0.1463,0.5359,0.856836,0.127045,0.495916,-0.061312,668295.10,,,,,,,,,,,,,,,,,,,,,,,,,,
-0.2765,-0.1472,0.6520,-0.2383,-0.0543,0.7167,-0.7640,0.1463,0.5359,0.856831,0.126918,0.495961,-0.061273,668311.50,,,,,,,,,,,,,,,,,,,,,,,,,,
-0.2765,-0.1472,0.6520,-0.2383,-0.0543,0.7167,-0.7640,0.1464,0.5358,0.856794,0.126914,0.496027,-0.061280,668328.60,,,,,,,,,,,,,,,,,,,,,,,,,,
-0.2707,-0.1489,0.6542,-0.2326,-0.0560,0.7189,-0.7640,0.1464,0.5357,0.856758,0.127053,0.496052,-0.061290,668345.40,,,,,,,,,,,,,,,,,,,,,,,,,,
-0.2707,-0.1489,0.6542,-0.2325,-0.0560,0.7189,-0.7641,0.1464,0.5357,0.856736,0.126907,0.496124,-0.061303,668361.60,,,,,,,,,,,,,,,,,,,,,,,,,,
-0.2674,-0.1496,0.6565,-0.2292,-0.0566,0.7212,-0.7641,0.1464,0.5357,0.856794,0.126837,0.496072,-0.061073,668378.80,,,,,,,,,,,,,,,,,,,,,,,,,,
-0.2674,-0.1496,0.6565,-0.2292,-0.0566,0.7212,-0.7641,0.1465,0.5360,0.856839,0.126834,0.496036,-0.060735,668395.40,,,,,,,,,,,,,,,,,,,,,,,,,,
-0.2713,-0.1478,0.6552,-0.2331,-0.0549,0.7199,-0.7641,0.1466,0.5360,0.856925,0.126856,0.495887,-0.060690,668414.80,,,,,,,,,,,,,,,,,,,,,,,,,,
-0.2713,-0.1478,0.6552,-0.2331,-0.0549,0.7199,-0.7641,0.1465,0.5360,0.856921,0.126873,0.495877,-0.060790,668428.80,,,,,,,,,,,,,,,,,,,,,,,,,,
-0.2724,-0.1472,0.6547,-0.2343,-0.0543,0.7195,-0.7641,0.1465,0.5360,0.856990,0.127000,0.495722,-0.060816,668445.50,,,,,,,,,,,,,,,,,,,,,,,,,,
-0.2724,-0.1472,0.6547,-0.2343,-0.0543,0.7195,-0.7640,0.1465,0.5360,0.857092,0.126930,0.495578,-0.060697,668462.00,,,,,,,,,,,,,,,,,,,,,,,,,,
-0.2746,-0.1462,0.6537,-0.2365,-0.0532,0.7185,-0.7640,0.1465,0.5360,0.857031,0.126917,0.495681,-0.060750,668478.90,,,,,,,,,,,,,,,,,,,,,,,,,,
-0.2746,-0.1462,0.6537,-0.2365,-0.0532,0.7185,-0.7639,0.1464,0.5359,0.856979,0.127275,0.495674,-0.060799,668494.80,,,,,,,,,,,,,,,,,,,,,,,,,,
-0.2747,-0.1462,0.6536,-0.2365,-0.0532,0.7184,-0.7639,0.1464,0.5359,0.856907,0.127520,0.495682,-0.061219,668511.60,,,,,,,,,,,,,,,,,,,,,,,,,,
-0.2747,-0.1462,0.6536,-0.2365,-0.0532,0.7183,-0.7638,0.1462,0.5358,0.856719,0.127470,0.495930,-0.061952,668528.40,,,,,,,,,,,,,,,,,,,,,,,,,,
-0.2749,-0.1461,0.6535,-0.2367,-0.0531,0.7182,-0.7638,0.1462,0.5357,0.856463,0.127604,0.496276,-0.062441,668545.00,,,,,,,,,,,,,,,,,,,,,,,,,,
-0.2749,-0.1461,0.6535,-0.2367,-0.0531,0.7182,-0.7637,0.1462,0.5356,0.856406,0.127468,0.496388,-0.062604,668561.60,,,,,,,,,,,,,,,,,,,,,,,,,,
-0.2772,-0.1455,0.6521,-0.2390,-0.0526,0.7168,-0.7637,0.1463,0.5355,0.856337,0.127382,0.496558,-0.062379,668578.40,,,,,,,,,,,,,,,,,,,,,,,,,,
-0.2772,-0.1455,0.6521,-0.2390,-0.0526,0.7168,-0.7637,0.1463,0.5355,0.856470,0.127165,0.496442,-0.061919,668594.80,,,,,,,,,,,,,,,,,,,,,,,,,,
-0.2774,-0.1456,0.6519,-0.2392,-0.0526,0.7166,-0.7637,0.1464,0.5354,0.856495,0.127024,0.496479,-0.061566,668611.80,,,,,,,,,,,,,,,,,,,,,,,,,,
-0.2774,-0.1456,0.6519,-0.2392,-0.0526,0.7166,-0.7638,0.1464,0.5355,0.856479,0.126797,0.496556,-0.061623,668627.90,,,,,,,,,,,,,,,,,,,,,,,,,,
-0.2774,-0.1455,0.6518,-0.2392,-0.0526,0.7165,-0.7638,0.1464,0.5354,0.856466,0.126743,0.496580,-0.061732,668645.10,,,,,,,,,,,,,,,,,,,,,,,,,,
-0.2774,-0.1455,0.6518,-0.2392,-0.0526,0.7165,-0.7638,0.1464,0.5354,0.856491,0.126653,0.496593,-0.061461,668661.30,,,,,,,,,,,,,,,,,,,,,,,,,,
-0.2776,-0.1456,0.6517,-0.2393,-0.0527,0.7163,-0.7639,0.1464,0.5353,0.856515,0.126780,0.496537,-0.061319,668678.30,,,,,,,,,,,,,,,,,,,,,,,,,,
-0.2776,-0.1456,0.6517,-0.2393,-0.0527,0.7163,-0.7639,0.1464,0.5353,0.856594,0.126582,0.496462,-0.061225,668694.70,,,,,,,,,,,,,,,,,,,,,,,,,,
-0.2775,-0.1456,0.6516,-0.2393,-0.0527,0.7163,-0.7639,0.1464,0.5352,0.856606,0.126789,0.496405,-0.061095,668712.10,,,,,,,,,,,,,,,,,,,,,,,,,,
-0.2775,-0.1456,0.6516,-0.2393,-0.0527,0.7163,-0.7639,0.1464,0.5351,0.856665,0.126856,0.496304,-0.060946,668728.10,,,,,,,,,,,,,,,,,,,,,,,,,,
-0.2776,-0.1457,0.6516,-0.2393,-0.0527,0.7162,-0.7639,0.1464,0.5352,0.856633,0.126652,0.496361,-0.061357,668744.60,,,,,,,,,,,,,,,,,,,,,,,,,,
-0.2776,-0.1457,0.6516,-0.2394,-0.0527,0.7162,-0.7639,0.1464,0.5351,0.856607,0.126706,0.496342,-0.061753,668761.00,,,,,,,,,,,,,,,,,,,,,,,,,,
-0.2776,-0.1457,0.6515,-0.2394,-0.0528,0.7162,-0.7639,0.1463,0.5351,0.856579,0.126907,0.496334,-0.061804,668777.90,,,,,,,,,,,,,,,,,,,,,,,,,,
-0.2776,-0.1457,0.6515,-0.2394,-0.0528,0.7162,-0.7638,0.1463,0.5350,0.856685,0.127290,0.496087,-0.061537,668794.80,,,,,,,,,,,,,,,,,,,,,,,,,,
-0.2776,-0.1457,0.6514,-0.2395,-0.0528,0.7161,-0.7638,0.1463,0.5351,0.856762,0.127433,0.495956,-0.061218,668811.10,,,,,,,,,,,,,,,,,,,,,,,,,,
-0.2776,-0.1457,0.6514,-0.2395,-0.0528,0.7161,-0.7638,0.1462,0.5351,0.856850,0.127408,0.495817,-0.061156,668827.90,,,,,,,,,,,,,,,,,,,,,,,,,,
-0.2857,-0.1427,0.6489,-0.2475,-0.0497,0.7136,-0.7638,0.1462,0.5351,0.856890,0.127442,0.495745,-0.061113,668844.90,,,,,,,,,,,,,,,,,,,,,,,,,,
-0.2857,-0.1427,0.6489,-0.2476,-0.0497,0.7136,-0.7638,0.1462,0.5351,0.856923,0.127398,0.495687,-0.061215,668861.00,,,,,,,,,,,,,,,,,,,,,,,,,,
-0.2915,-0.1402,0.6468,-0.2534,-0.0473,0.7115,-0.7638,0.1462,0.5351,0.856896,0.127463,0.495722,-0.061173,668878.10,,,,,,,,,,,,,,,,,,,,,,,,,,
-0.2915,-0.1402,0.6468,-0.2534,-0.0473,0.7115,-0.7637,0.1461,0.5351,0.856869,0.127452,0.495763,-0.061244,668894.50,,,,,,,,,,,,,,,,,,,,,,,,,,
-0.2915,-0.1402,0.6468,-0.2534,-0.0473,0.7115,-0.7637,0.1461,0.5350,0.856784,0.127429,0.495903,-0.061347,668911.50,,,,,,,,,,,,,,,,,,,,,,,,,,
-0.2866,-0.1432,0.6480,-0.2484,-0.0503,0.7127,-0.7637,0.1461,0.5350,0.856731,0.127382,0.496007,-0.061338,668927.80,,,,,,,,,,,,,,,,,,,,,,,,,,
-0.2866,-0.1432,0.6480,-0.2484,-0.0503,0.7127,-0.7637,0.1461,0.5349,0.856638,0.127669,0.496079,-0.061466,668945.00,,,,,,,,,,,,,,,,,,,,,,,,,,
-0.2866,-0.1432,0.6480,-0.2483,-0.0503,0.7127,-0.7636,0.1462,0.5352,0.856551,0.127735,0.496186,-0.061680,668961.40,,,,,,,,,,,,,,,,,,,,,,,,,,
-0.2832,-0.1443,0.6495,-0.2450,-0.0514,0.7142,-0.7636,0.1462,0.5352,0.856646,0.127691,0.496044,-0.061591,668978.60,,,,,,,,,,,,,,,,,,,,,,,,,,
-0.2832,-0.1443,0.6495,-0.2450,-0.0514,0.7142,-0.7636,0.1461,0.5352,0.856706,0.127644,0.495964,-0.061499,668995.10,,,,,,,,,,,,,,,,,,,,,,,,,,
-0.2765,-0.1471,0.6532,-0.2383,-0.0541,0.7179,-0.7636,0.1461,0.5352,0.856776,0.127572,0.495877,-0.061371,669011.30,,,,,,,,,,,,,,,,,,,,,,,,,,
-0.2765,-0.1471,0.6532,-0.2383,-0.0541,0.7179,-0.7636,0.1461,0.5352,0.856856,0.127670,0.495719,-0.061328,669027.60,,,,,,,,,,,,,,,,,,,,,,,,,,
-0.2673,-0.1547,0.6547,-0.2292,-0.0617,0.7194,-0.7637,0.1461,0.5353,0.856875,0.127722,0.495673,-0.061327,669044.40,,,,,,,,,,,,,,,,,,,,,,,,,,
-0.2673,-0.1547,0.6547,-0.2292,-0.0617,0.7194,-0.7637,0.1460,0.5353,0.856953,0.127714,0.495552,-0.061227,669060.60,,,,,,,,,,,,,,,,,,,,,,,,,,
-0.2673,-0.1548,0.6545,-0.2292,-0.0619,0.7192,-0.7637,0.1460,0.5353,0.856917,0.127838,0.495596,-0.061111,669078.20,,,,,,,,,,,,,,,,,,,,,,,,,,
-0.2665,-0.1555,0.6548,-0.2284,-0.0626,0.7195,-0.7637,0.1460,0.5352,0.856860,0.128110,0.495619,-0.061166,669094.60,,,,,,,,,,,,,,,,,,,,,,,,,,
-0.2665,-0.1555,0.6548,-0.2284,-0.0626,0.7195,-0.7637,0.1460,0.5353,0.856852,0.128169,0.495593,-0.061358,669111.00,,,,,,,,,,,,,,,,,,,,,,,,,,
-0.2665,-0.1555,0.6548,-0.2284,-0.0626,0.7195,-0.7637,0.1459,0.5353,0.856840,0.128325,0.495577,-0.061328,669127.30,,,,,,,,,,,,,,,,,,,,,,,,,,
-0.2665,-0.1556,0.6547,-0.2284,-0.0627,0.7194,-0.7637,0.1458,0.5353,0.856809,0.128559,0.495562,-0.061392,669144.50,,,,,,,,,,,,,,,,,,,,,,,,,,
-0.2669,-0.1558,0.6545,-0.2288,-0.0629,0.7192,-0.7636,0.1458,0.5353,0.856830,0.128893,0.495455,-0.061264,669161.10,,,,,,,,,,,,,,,,,,,,,,,,,,
-0.2669,-0.1558,0.6545,-0.2288,-0.0629,0.7192,-0.7636,0.1457,0.5354,0.856838,0.129094,0.495382,-0.061326,669177.60,,,,,,,,,,,,,,,,,,,,,,,,,,
-0.2669,-0.1558,0.6545,-0.2288,-0.0629,0.7192,-0.7636,0.1456,0.5354,0.856909,0.129068,0.495253,-0.061428,669194.60,,,,,,,,,,,,,,,,,,,,,,,,,,
-0.2672,-0.1560,0.6544,-0.2291,-0.0630,0.7191,-0.7635,0.1456,0.5355,0.856802,0.129286,0.495362,-0.061578,669210.70,,,,,,,,,,,,,,,,,,,,,,,,,,
-0.2745,-0.1553,0.6517,-0.2364,-0.0623,0.7164,-0.7634,0.1455,0.5355,0.856713,0.129520,0.495447,-0.061638,669227.80,,,,,,,,,,,,,,,,,,,,,,,,,,
-0.2745,-0.1553,0.6517,-0.2364,-0.0623,0.7164,-0.7633,0.1455,0.5356,0.856743,0.129737,0.495297,-0.061974,669244.10,,,,,,,,,,,,,,,,,,,,,,,,,,
-0.2753,-0.1553,0.6511,-0.2372,-0.0624,0.7159,-0.7632,0.1454,0.5356,0.856661,0.129909,0.495327,-0.062510,669261.10,,,,,,,,,,,,,,,,,,,,,,,,,,
-0.2753,-0.1553,0.6511,-0.2372,-0.0624,0.7158,-0.7631,0.1454,0.5357,0.856529,0.130128,0.495510,-0.062404,669277.60,,,,,,,,,,,,,,,,,,,,,,,,,,
-0.2763,-0.1555,0.6506,-0.2381,-0.0626,0.7153,-0.7629,0.1455,0.5358,0.856446,0.130500,0.495566,-0.062325,669294.90,,,,,,,,,,,,,,,,,,,,,,,,,,
-0.2763,-0.1555,0.6506,-0.2381,-0.0626,0.7152,-0.7628,0.1454,0.5359,0.856264,0.130885,0.495823,-0.061971,669311.60,,,,,,,,,,,,,,,,,,,,,,,,,,
-0.2763,-0.1555,0.6506,-0.2380,-0.0626,0.7152,-0.7626,0.1453,0.5359,0.856072,0.131034,0.496165,-0.061576,669328.10,,,,,,,,,,,,,,,,,,,,,,,,,,
-0.2776,-0.1562,0.6494,-0.2392,-0.0633,0.7139,-0.7624,0.1452,0.5360,0.855745,0.131163,0.496695,-0.061579,669344.80,,,,,,,,,,,,,,,,,,,,,,,,,,
-0.2777,-0.1564,0.6491,-0.2393,-0.0634,0.7136,-0.7623,0.1450,0.5360,0.855262,0.131908,0.497283,-0.061948,669360.70,,,,,,,,,,,,,,,,,,,,,,,,,,
-0.2777,-0.1564,0.6491,-0.2392,-0.0634,0.7135,-0.7621,0.1448,0.5360,0.854746,0.132572,0.497951,-0.062289,669377.40,,,,,,,,,,,,,,,,,,,,,,,,,,
-0.2777,-0.1564,0.6491,-0.2390,-0.0634,0.7135,-0.7620,0.1447,0.5360,0.854237,0.133276,0.498614,-0.062448,669394.30,,,,,,,,,,,,,,,,,,,,,,,,,,
-0.2783,-0.1586,0.6478,-0.2395,-0.0657,0.7122,-0.7619,0.1445,0.5359,0.853804,0.133743,0.499187,-0.062802,669411.00,,,,,,,,,,,,,,,,,,,,,,,,,,
-0.2783,-0.1586,0.6478,-0.2394,-0.0657,0.7121,-0.7618,0.1444,0.5358,0.853332,0.134005,0.499887,-0.063088,669427.30,,,,,,,,,,,,,,,,,,,,,,,,,,
-0.2788,-0.1605,0.6471,-0.2397,-0.0676,0.7113,-0.7617,0.1444,0.5358,0.852835,0.134233,0.500663,-0.063167,669444.20,,,,,,,,,,,,,,,,,,,,,,,,,,
-0.2805,-0.1640,0.6450,-0.2414,-0.0710,0.7091,-0.7615,0.1444,0.5357,0.852407,0.134284,0.501429,-0.062764,669461.40,,,,,,,,,,,,,,,,,,,,,,,,,,
-0.2805,-0.1640,0.6450,-0.2413,-0.0710,0.7091,-0.7614,0.1445,0.5357,0.852054,0.134120,0.502120,-0.062385,669477.90,,,,,,,,,,,,,,,,,,,,,,,,,,
-0.2805,-0.1640,0.6450,-0.2412,-0.0710,0.7090,-0.7613,0.1446,0.5358,0.851719,0.133857,0.502780,-0.062210,669494.60,,,,,,,,,,,,,,,,,,,,,,,,,,
-0.2819,-0.1665,0.6423,-0.2424,-0.0735,0.7063,-0.7611,0.1446,0.5359,0.851390,0.133814,0.503352,-0.062172,669510.40,,,,,,,,,,,,,,,,,,,,,,,,,,
-0.2827,-0.1691,0.6401,-0.2432,-0.0762,0.7040,-0.7610,0.1448,0.5362,0.851144,0.134042,0.503780,-0.061580,669527.60,,,,,,,,,,,,,,,,,,,,,,,,,,
-0.2827,-0.1691,0.6401,-0.2431,-0.0762,0.7040,-0.7608,0.1448,0.5362,0.850849,0.134057,0.504369,-0.060790,669544.30,,,,,,,,,,,,,,,,,,,,,,,,,,
-0.2827,-0.1691,0.6401,-0.2430,-0.0762,0.7039,-0.7607,0.1449,0.5362,0.850656,0.133951,0.504744,-0.060618,669560.80,,,,,,,,,,,,,,,,,,,,,,,,,,
-0.2830,-0.1702,0.6393,-0.2432,-0.0773,0.7031,-0.7605,0.1449,0.5363,0.850472,0.134073,0.505071,-0.060215,669577.90,,,,,,,,,,,,,,,,,,,,,,,,,,
-0.2838,-0.1728,0.6369,-0.2440,-0.0798,0.7006,-0.7603,0.1449,0.5363,0.850166,0.134179,0.505580,-0.060028,669594.60,,,,,,,,,,,,,,,,,,,,,,,,,,
-0.2838,-0.1728,0.6369,-0.2440,-0.0798,0.7006,-0.7601,0.1448,0.5363,0.849986,0.134309,0.505819,-0.060272,669610.90,,,,,,,,,,,,,,,,,,,,,,,,,,
-0.2843,-0.1748,0.6350,-0.2444,-0.0819,0.6987,-0.7600,0.1448,0.5363,0.849758,0.134292,0.506194,-0.060365,669627.30,,,,,,,,,,,,,,,,,,,,,,,,,,
-0.2843,-0.1748,0.6350,-0.2443,-0.0819,0.6986,-0.7598,0.1448,0.5363,0.849442,0.134496,0.506664,-0.060420,669644.00,,,,,,,,,,,,,,,,,,,,,,,,,,
-0.2939,-0.1736,0.6284,-0.2538,-0.0807,0.6919,-0.7596,0.1447,0.5361,0.849089,0.134641,0.507222,-0.060380,669660.80,,,,,,,,,,,,,,,,,,,,,,,,,,
-0.2939,-0.1736,0.6284,-0.2537,-0.0807,0.6918,-0.7594,0.1447,0.5361,0.848698,0.134740,0.507849,-0.060394,669677.50,,,,,,,,,,,,,,,,,,,,,,,,,,
-0.2966,-0.1745,0.6266,-0.2563,-0.0816,0.6900,-0.7592,0.1447,0.5360,0.848221,0.134906,0.508632,-0.060126,669694.40,,,,,,,,,,,,,,,,,,,,,,,,,,
-0.2966,-0.1745,0.6266,-0.2562,-0.0816,0.6899,-0.7590,0.1448,0.5359,0.847776,0.135020,0.509363,-0.059961,669710.60,,,,,,,,,,,,,,,,,,,,,,,,,,
-0.3024,-0.1752,0.6238,-0.2619,-0.0822,0.6871,-0.7588,0.1448,0.5359,0.847436,0.135023,0.509947,-0.059793,669727.20,,,,,,,,,,,,,,,,,,,,,,,,,,
-0.3024,-0.1752,0.6238,-0.2618,-0.0822,0.6871,-0.7586,0.1449,0.5360,0.847113,0.135163,0.510459,-0.059681,669743.70,,,,,,,,,,,,,,,,,,,,,,,,,,
-0.2973,-0.1800,0.6255,-0.2566,-0.0870,0.6887,-0.7584,0.1449,0.5360,0.846848,0.135334,0.510896,-0.059325,669761.20,,,,,,,,,,,,,,,,,,,,,,,,,,
-0.2973,-0.1800,0.6255,-0.2566,-0.0870,0.6887,-0.7581,0.1449,0.5362,0.846627,0.135388,0.511289,-0.058963,669777.80,,,,,,,,,,,,,,,,,,,,,,,,,,
-0.2881,-0.1878,0.6288,-0.2474,-0.0949,0.6919,-0.7579,0.1449,0.5364,0.846467,0.135801,0.511458,-0.058846,669794.70,,,,,,,,,,,,,,,,,,,,,,,,,,
-0.2881,-0.1878,0.6288,-0.2474,-0.0949,0.6919,-0.7576,0.1448,0.5366,0.846402,0.136197,0.511468,-0.058777,669811.20,,,,,,,,,,,,,,,,,,,,,,,,,,
-0.2832,-0.1933,0.6301,-0.2424,-0.1003,0.6932,-0.7572,0.1447,0.5367,0.846209,0.136728,0.511656,-0.058690,669827.50,,,,,,,,,,,,,,,,,,,,,,,,,,
-0.2832,-0.1933,0.6301,-0.2423,-0.1003,0.6932,-0.7568,0.1445,0.5369,0.845931,0.137403,0.511931,-0.058731,669844.10,,,,,,,,,,,,,,,,,,,,,,,,,,
-0.2723,-0.2080,0.6295,-0.2314,-0.1150,0.6925,-0.7565,0.1443,0.5370,0.845574,0.138141,0.512290,-0.058989,669860.40,,,,,,,,,,,,,,,,,,,,,,,,,,
-0.2723,-0.2080,0.6295,-0.2313,-0.1150,0.6925,-0.7561,0.1440,0.5371,0.845248,0.139088,0.512571,-0.059010,669876.80,,,,,,,,,,,,,,,,,,,,,,,,,,
-0.2711,-0.2111,0.6294,-0.2300,-0.1182,0.6923,-0.7557,0.1438,0.5373,0.844914,0.139955,0.512847,-0.059345,669893.90,,,,,,,,,,,,,,,,,,,,,,,,,,
-0.2711,-0.2111,0.6294,-0.2300,-0.1182,0.6923,-0.7553,0.1436,0.5374,0.844632,0.140661,0.513093,-0.059554,669910.90,,,,,,,,,,,,,,,,,,,,,,,,,,
-0.2711,-0.2111,0.6294,-0.2299,-0.1182,0.6923,-0.7548,0.1434,0.5376,0.844331,0.141342,0.513366,-0.059853,669927.20,,,,,,,,,,,,,,,,,,,,,,,,,,
-0.2711,-0.2111,0.6294,-0.2299,-0.1182,0.6922,-0.7543,0.1432,0.5378,0.844079,0.142087,0.513556,-0.060020,669943.80,,,,,,,,,,,,,,,,,,,,,,,,,,
-0.2795,-0.2134,0.6250,-0.2382,-0.1205,0.6877,-0.7538,0.1430,0.5381,0.843807,0.142914,0.513765,-0.060096,669960.80,,,,,,,,,,,,,,,,,,,,,,,,,,
-0.2795,-0.2134,0.6250,-0.2381,-0.1205,0.6877,-0.7533,0.1429,0.5383,0.843531,0.143692,0.514001,-0.060098,669977.00,,,,,,,,,,,,,,,,,,,,,,,,,,
-0.2846,-0.2161,0.6225,-0.2433,-0.1232,0.6852,-0.7529,0.1427,0.5386,0.843379,0.144247,0.514076,-0.060257,669993.60,,,,,,,,,,,,,,,,,,,,,,,,,,
-0.2846,-0.2161,0.6225,-0.2432,-0.1232,0.6851,-0.7524,0.1426,0.5390,0.843027,0.144732,0.514487,-0.060509,670010.40,,,,,,,,,,,,,,,,,,,,,,,,,,
-0.2891,-0.2202,0.6186,-0.2476,-0.1273,0.6812,-0.7519,0.1425,0.5393,0.842812,0.145037,0.514748,-0.060549,670027.20,,,,,,,,,,,,,,,,,,,,,,,,,,
-0.2891,-0.2202,0.6186,-0.2476,-0.1273,0.6812,-0.7514,0.1424,0.5397,0.842729,0.145260,0.514832,-0.060461,670044.80,,,,,,,,,,,,,,,,,,,,,,,,,,
-0.2931,-0.2244,0.6154,-0.2516,-0.1314,0.6780,-0.7509,0.1423,0.5401,0.842701,0.145494,0.514890,-0.059788,670061.20,,,,,,,,,,,,,,,,,,,,,,,,,,
-0.2931,-0.2244,0.6154,-0.2515,-0.1314,0.6780,-0.7504,0.1425,0.5408,0.842636,0.145483,0.515141,-0.058561,670076.30,,,,,,,,,,,,,,,,,,,,,,,,,,
-0.2863,-0.2367,0.6161,-0.2446,-0.1437,0.6786,-0.7499,0.1427,0.5411,0.842584,0.145220,0.515466,-0.057074,670093.10,,,,,,,,,,,,,,,,,,,,,,,,,,
-0.2863,-0.2367,0.6161,-0.2446,-0.1437,0.6786,-0.7494,0.1430,0.5414,0.842507,0.144998,0.515828,-0.055487,670110.30,,,,,,,,,,,,,,,,,,,,,,,,,,
-0.2836,-0.2478,0.6165,-0.2419,-0.1548,0.6789,-0.7490,0.1432,0.5418,0.842469,0.144692,0.516165,-0.053702,670126.90,,,,,,,,,,,,,,,,,,,,,,,,,,
-0.2836,-0.2478,0.6165,-0.2419,-0.1548,0.6789,-0.7486,0.1435,0.5422,0.842576,0.144198,0.516308,-0.051952,670143.20,,,,,,,,,,,,,,,,,,,,,,,,,,
-0.2851,-0.2574,0.6146,-0.2433,-0.1645,0.6770,-0.7483,0.1438,0.5425,0.842707,0.143750,0.516389,-0.050244,670160.10,,,,,,,,,,,,,,,,,,,,,,,,,,
-0.2851,-0.2574,0.6146,-0.2433,-0.1645,0.6770,-0.7479,0.1441,0.5427,0.842824,0.143304,0.516499,-0.048369,670176.60,,,,,,,,,,,,,,,,,,,,,,,,,,
-0.2924,-0.2622,0.6116,-0.2506,-0.1693,0.6740,-0.7476,0.1444,0.5430,0.842871,0.142636,0.516767,-0.046643,670193.40,,,,,,,,,,,,,,,,,,,,,,,,,,
-0.2924,-0.2622,0.6116,-0.2505,-0.1693,0.6740,-0.7474,0.1449,0.5434,0.842987,0.141530,0.517082,-0.044368,670210.10,,,,,,,,,,,,,,,,,,,,,,,,,,
-0.2950,-0.2691,0.6115,-0.2531,-0.1762,0.6739,-0.7470,0.1453,0.5437,0.843256,0.140283,0.517175,-0.042074,670227.40,,,,,,,,,,,,,,,,,,,,,,,,,,
-0.2950,-0.2691,0.6115,-0.2531,-0.1762,0.6739,-0.7467,0.1458,0.5440,0.843508,0.138846,0.517291,-0.040334,670243.50,,,,,,,,,,,,,,,,,,,,,,,,,,
-0.2976,-0.2768,0.6149,-0.2556,-0.1838,0.6772,-0.7464,0.1462,0.5444,0.843511,0.137896,0.517671,-0.038598,670260.00,,,,,,,,,,,,,,,,,,,,,,,,,,
-0.2976,-0.2768,0.6149,-0.2556,-0.1838,0.6772,-0.7459,0.1469,0.5449,0.843663,0.135925,0.518159,-0.035614,670276.90,,,,,,,,,,,,,,,,,,,,,,,,,,
-0.3147,-0.2712,0.6140,-0.2726,-0.1782,0.6763,-0.7454,0.1478,0.5454,0.843757,0.133324,0.518968,-0.031176,670293.30,,,,,,,,,,,,,,,,,,,,,,,,,,
-0.3147,-0.2712,0.6140,-0.2725,-0.1782,0.6762,-0.7449,0.1486,0.5459,0.843831,0.131337,0.519578,-0.027183,670310.00,,,,,,,,,,,,,,,,,,,,,,,,,,
-0.3267,-0.2714,0.6150,-0.2845,-0.1784,0.6772,-0.7445,0.1492,0.5463,0.843859,0.130255,0.519952,-0.024211,670326.60,,,,,,,,,,,,,,,,,,,,,,,,,,
-0.3267,-0.2714,0.6150,-0.2845,-0.1784,0.6772,-0.7440,0.1495,0.5466,0.844231,0.129438,0.519657,-0.021837,670343.40,,,,,,,,,,,,,,,,,,,,,,,,,,
-0.3357,-0.2761,0.6170,-0.2935,-0.1832,0.6792,-0.7434,0.1497,0.5471,0.844571,0.129011,0.519302,-0.019554,670360.40,,,,,,,,,,,,,,,,,,,,,,,,,,
-0.3357,-0.2761,0.6170,-0.2936,-0.1832,0.6792,-0.7431,0.1496,0.5475,0.844765,0.129689,0.518846,-0.018756,670376.40,,,,,,,,,,,,,,,,,,,,,,,,,,
-0.3476,-0.2802,0.6155,-0.3055,-0.1873,0.6778,-0.7427,0.1492,0.5477,0.844930,0.131756,0.518048,-0.018980,670393.80,,,,,,,,,,,,,,,,,,,,,,,,,,
-0.3476,-0.2802,0.6155,-0.3056,-0.1873,0.6778,-0.7423,0.1488,0.5482,0.845337,0.133258,0.517000,-0.018941,670410.20,,,,,,,,,,,,,,,,,,,,,,,,,,
-0.3587,-0.2864,0.6146,-0.3169,-0.1935,0.6771,-0.7417,0.1484,0.5487,0.845880,0.135153,0.515647,-0.018155,670426.80,,,,,,,,,,,,,,,,,,,,,,,,,,
-0.3587,-0.2864,0.6146,-0.3170,-0.1935,0.6772,-0.7413,0.1478,0.5492,0.846293,0.137475,0.514347,-0.018362,670443.30,,,,,,,,,,,,,,,,,,,,,,,,,,
-0.3696,-0.2948,0.6142,-0.3283,-0.2018,0.6769,-0.7406,0.1471,0.5495,0.847111,0.139772,0.512338,-0.019412,670460.00,,,,,,,,,,,,,,,,,,,,,,,,,,
-0.3696,-0.2948,0.6142,-0.3285,-0.2018,0.6770,-0.7401,0.1463,0.5497,0.847600,0.142297,0.510761,-0.021200,670476.80,,,,,,,,,,,,,,,,,,,,,,,,,,
-0.3732,-0.3144,0.6196,-0.3322,-0.2215,0.6826,-0.7395,0.1456,0.5501,0.848098,0.144829,0.509127,-0.023327,670493.10,,,,,,,,,,,,,,,,,,,,,,,,,,
-0.3732,-0.3144,0.6196,-0.3324,-0.2215,0.6827,-0.7389,0.1448,0.5502,0.848538,0.147177,0.507660,-0.024557,670510.10,,,,,,,,,,,,,,,,,,,,,,,,,,
-0.3811,-0.3319,0.6203,-0.3405,-0.2390,0.6835,-0.7381,0.1442,0.5502,0.848727,0.149944,0.506440,-0.026423,670526.90,,,,,,,,,,,,,,,,,,,,,,,,,,
-0.3811,-0.3319,0.6203,-0.3406,-0.2390,0.6836,-0.7372,0.1436,0.5503,0.849312,0.150602,0.505195,-0.027678,670543.40,,,,,,,,,,,,,,,,,,,,,,,,,,
-0.3896,-0.3486,0.6204,-0.3492,-0.2557,0.6838,-0.7362,0.1433,0.5501,0.849754,0.151843,0.504033,-0.028503,670559.60,,,,,,,,,,,,,,,,,,,,,,,,,,
-0.4001,-0.3640,0.6197,-0.3598,-0.2710,0.6832,-0.7351,0.1430,0.5498,0.850136,0.152918,0.502998,-0.029639,670576.40,,,,,,,,,,,,,,,,,,,,,,,,,,
-0.4001,-0.3640,0.6197,-0.3600,-0.2710,0.6833,-0.7342,0.1428,0.5494,0.850501,0.153360,0.502161,-0.031046,670593.30,,,,,,,,,,,,,,,,,,,,,,,,,,